,categories,category_link
0,Halal,https://www.ubereats.com/gb/search?kn=Halal&pl=JTdCJTIyYWRkcmVzcyUyMiUzQSUyMlNvdXRoJTIwS2Vuc2luZ3RvbiUyMFVuZGVyZ3JvdW5kJTIwTWV0cm8lMjBTdGF0aW9uJTIyJTJDJTIycmVmZXJlbmNlJTIyJTNBJTIyNDJjZDhjOWUtODZiYy01YmU4LTZlMGEtMjU2YTEyZjFmMzFmJTIyJTJDJTIycmVmZXJlbmNlVHlwZSUyMiUzQSUyMnViZXJfcGxhY2VzJTIyJTJDJTIybGF0aXR1ZGUlMjIlM0E1MS40OTQwODgyJTJDJTIybG9uZ2l0dWRlJTIyJTNBLTAuMTczOTE0OCU3RA%3D%3D&q=Halal&sc=HOME_FEED_ITEM
1,Pizza,https://www.ubereats.com/gb/search?kn=Pizza&pl=JTdCJTIyYWRkcmVzcyUyMiUzQSUyMlNvdXRoJTIwS2Vuc2luZ3RvbiUyMFVuZGVyZ3JvdW5kJTIwTWV0cm8lMjBTdGF0aW9uJTIyJTJDJTIycmVmZXJlbmNlJTIyJTNBJTIyNDJjZDhjOWUtODZiYy01YmU4LTZlMGEtMjU2YTEyZjFmMzFmJTIyJTJDJTIycmVmZXJlbmNlVHlwZSUyMiUzQSUyMnViZXJfcGxhY2VzJTIyJTJDJTIybGF0aXR1ZGUlMjIlM0E1MS40OTQwODgyJTJDJTIybG9uZ2l0dWRlJTIyJTNBLTAuMTczOTE0OCU3RA%3D%3D&q=Pizza&sc=HOME_FEED_ITEM
2,Breakfast and brunch,https://www.ubereats.com/gb/search?kn=BreakfastAndBrunch&pl=JTdCJTIyYWRkcmVzcyUyMiUzQSUyMlNvdXRoJTIwS2Vuc2luZ3RvbiUyMFVuZGVyZ3JvdW5kJTIwTWV0cm8lMjBTdGF0aW9uJTIyJTJDJTIycmVmZXJlbmNlJTIyJTNBJTIyNDJjZDhjOWUtODZiYy01YmU4LTZlMGEtMjU2YTEyZjFmMzFmJTIyJTJDJTIycmVmZXJlbmNlVHlwZSUyMiUzQSUyMnViZXJfcGxhY2VzJTIyJTJDJTIybGF0aXR1ZGUlMjIlM0E1MS40OTQwODgyJTJDJTIybG9uZ2l0dWRlJTIyJTNBLTAuMTczOTE0OCU3RA%3D%3D&q=Breakfast%20and%20brunch&sc=HOME_FEED_ITEM
3,Chinese,https://www.ubereats.com/gb/search?kn=Chinese&pl=JTdCJTIyYWRkcmVzcyUyMiUzQSUyMlNvdXRoJTIwS2Vuc2luZ3RvbiUyMFVuZGVyZ3JvdW5kJTIwTWV0cm8lMjBTdGF0aW9uJTIyJTJDJTIycmVmZXJlbmNlJTIyJTNBJTIyNDJjZDhjOWUtODZiYy01YmU4LTZlMGEtMjU2YTEyZjFmMzFmJTIyJTJDJTIycmVmZXJlbmNlVHlwZSUyMiUzQSUyMnViZXJfcGxhY2VzJTIyJTJDJTIybGF0aXR1ZGUlMjIlM0E1MS40OTQwODgyJTJDJTIybG9uZ2l0dWRlJTIyJTNBLTAuMTczOTE0OCU3RA%3D%3D&q=Chinese&sc=HOME_FEED_ITEM
4,[],https://www.ubereats.com/gb/search?carid=eyJwbHVnaW4iOiJyZWNvbW1lbmRhdGlvbkZlZWRQbHVnaW4iLCJyZWNvbW1UeXBlIjoicHJvbW90ZWRfcmVzdGF1cmFudHMifQ%3D%3D&pl=JTdCJTIyYWRkcmVzcyUyMiUzQSUyMlNvdXRoJTIwS2Vuc2luZ3RvbiUyMFVuZGVyZ3JvdW5kJTIwTWV0cm8lMjBTdGF0aW9uJTIyJTJDJTIycmVmZXJlbmNlJTIyJTNBJTIyNDJjZDhjOWUtODZiYy01YmU4LTZlMGEtMjU2YTEyZjFmMzFmJTIyJTJDJTIycmVmZXJlbmNlVHlwZSUyMiUzQSUyMnViZXJfcGxhY2VzJTIyJTJDJTIybGF0aXR1ZGUlMjIlM0E1MS40OTQwODgyJTJDJTIybG9uZ2l0dWRlJTIyJTNBLTAuMTczOTE0OCU3RA%3D%3D
5,[],https://www.ubereats.com/gb/top-eats?diningMode=DELIVERY&pl=JTdCJTIyYWRkcmVzcyUyMiUzQSUyMlNvdXRoJTIwS2Vuc2luZ3RvbiUyMFVuZGVyZ3JvdW5kJTIwTWV0cm8lMjBTdGF0aW9uJTIyJTJDJTIycmVmZXJlbmNlJTIyJTNBJTIyNDJjZDhjOWUtODZiYy01YmU4LTZlMGEtMjU2YTEyZjFmMzFmJTIyJTJDJTIycmVmZXJlbmNlVHlwZSUyMiUzQSUyMnViZXJfcGxhY2VzJTIyJTJDJTIybGF0aXR1ZGUlMjIlM0E1MS40OTQwODgyJTJDJTIybG9uZ2l0dWRlJTIyJTNBLTAuMTczOTE0OCU3RA%3D%3D
6,Convenience,https://www.ubereats.com/gb/search?kn=Convenience&pl=JTdCJTIyYWRkcmVzcyUyMiUzQSUyMlNvdXRoJTIwS2Vuc2luZ3RvbiUyMFVuZGVyZ3JvdW5kJTIwTWV0cm8lMjBTdGF0aW9uJTIyJTJDJTIycmVmZXJlbmNlJTIyJTNBJTIyNDJjZDhjOWUtODZiYy01YmU4LTZlMGEtMjU2YTEyZjFmMzFmJTIyJTJDJTIycmVmZXJlbmNlVHlwZSUyMiUzQSUyMnViZXJfcGxhY2VzJTIyJTJDJTIybGF0aXR1ZGUlMjIlM0E1MS40OTQwODgyJTJDJTIybG9uZ2l0dWRlJTIyJTNBLTAuMTczOTE0OCU3RA%3D%3D&q=Convenience&sc=HOME_FEED_ITEM
7,Fast food,https://www.ubereats.com/gb/search?kn=FastFood&pl=JTdCJTIyYWRkcmVzcyUyMiUzQSUyMlNvdXRoJTIwS2Vuc2luZ3RvbiUyMFVuZGVyZ3JvdW5kJTIwTWV0cm8lMjBTdGF0aW9uJTIyJTJDJTIycmVmZXJlbmNlJTIyJTNBJTIyNDJjZDhjOWUtODZiYy01YmU4LTZlMGEtMjU2YTEyZjFmMzFmJTIyJTJDJTIycmVmZXJlbmNlVHlwZSUyMiUzQSUyMnViZXJfcGxhY2VzJTIyJTJDJTIybGF0aXR1ZGUlMjIlM0E1MS40OTQwODgyJTJDJTIybG9uZ2l0dWRlJTIyJTNBLTAuMTczOTE0OCU3RA%3D%3D&q=Fast%20food&sc=HOME_FEED_ITEM
8,Indian,https://www.ubereats.com/gb/search?kn=Indian&pl=JTdCJTIyYWRkcmVzcyUyMiUzQSUyMlNvdXRoJTIwS2Vuc2luZ3RvbiUyMFVuZGVyZ3JvdW5kJTIwTWV0cm8lMjBTdGF0aW9uJTIyJTJDJTIycmVmZXJlbmNlJTIyJTNBJTIyNDJjZDhjOWUtODZiYy01YmU4LTZlMGEtMjU2YTEyZjFmMzFmJTIyJTJDJTIycmVmZXJlbmNlVHlwZSUyMiUzQSUyMnViZXJfcGxhY2VzJTIyJTJDJTIybGF0aXR1ZGUlMjIlM0E1MS40OTQwODgyJTJDJTIybG9uZ2l0dWRlJTIyJTNBLTAuMTczOTE0OCU3RA%3D%3D&q=Indian&sc=HOME_FEED_ITEM
9,Sushi,https://www.ubereats.com/gb/search?kn=Sushi&pl=JTdCJTIyYWRkcmVzcyUyMiUzQSUyMlNvdXRoJTIwS2Vuc2luZ3RvbiUyMFVuZGVyZ3JvdW5kJTIwTWV0cm8lMjBTdGF0aW9uJTIyJTJDJTIycmVmZXJlbmNlJTIyJTNBJTIyNDJjZDhjOWUtODZiYy01YmU4LTZlMGEtMjU2YTEyZjFmMzFmJTIyJTJDJTIycmVmZXJlbmNlVHlwZSUyMiUzQSUyMnViZXJfcGxhY2VzJTIyJTJDJTIybGF0aXR1ZGUlMjIlM0E1MS40OTQwODgyJTJDJTIybG9uZ2l0dWRlJTIyJTNBLTAuMTczOTE0OCU3RA%3D%3D&q=Sushi&sc=HOME_FEED_ITEM
10,Healthy,https://www.ubereats.com/gb/search?kn=Healthy&pl=JTdCJTIyYWRkcmVzcyUyMiUzQSUyMlNvdXRoJTIwS2Vuc2luZ3RvbiUyMFVuZGVyZ3JvdW5kJTIwTWV0cm8lMjBTdGF0aW9uJTIyJTJDJTIycmVmZXJlbmNlJTIyJTNBJTIyNDJjZDhjOWUtODZiYy01YmU4LTZlMGEtMjU2YTEyZjFmMzFmJTIyJTJDJTIycmVmZXJlbmNlVHlwZSUyMiUzQSUyMnViZXJfcGxhY2VzJTIyJTJDJTIybGF0aXR1ZGUlMjIlM0E1MS40OTQwODgyJTJDJTIybG9uZ2l0dWRlJTIyJTNBLTAuMTczOTE0OCU3RA%3D%3D&q=Healthy&sc=HOME_FEED_ITEM
11,Caribbean,https://www.ubereats.com/gb/search?kn=Caribbean&pl=JTdCJTIyYWRkcmVzcyUyMiUzQSUyMlNvdXRoJTIwS2Vuc2luZ3RvbiUyMFVuZGVyZ3JvdW5kJTIwTWV0cm8lMjBTdGF0aW9uJTIyJTJDJTIycmVmZXJlbmNlJTIyJTNBJTIyNDJjZDhjOWUtODZiYy01YmU4LTZlMGEtMjU2YTEyZjFmMzFmJTIyJTJDJTIycmVmZXJlbmNlVHlwZSUyMiUzQSUyMnViZXJfcGxhY2VzJTIyJTJDJTIybGF0aXR1ZGUlMjIlM0E1MS40OTQwODgyJTJDJTIybG9uZ2l0dWRlJTIyJTNBLTAuMTczOTE0OCU3RA%3D%3D&q=Caribbean&sc=HOME_FEED_ITEM
12,Burgers,https://www.ubereats.com/gb/search?kn=Burger&pl=JTdCJTIyYWRkcmVzcyUyMiUzQSUyMlNvdXRoJTIwS2Vuc2luZ3RvbiUyMFVuZGVyZ3JvdW5kJTIwTWV0cm8lMjBTdGF0aW9uJTIyJTJDJTIycmVmZXJlbmNlJTIyJTNBJTIyNDJjZDhjOWUtODZiYy01YmU4LTZlMGEtMjU2YTEyZjFmMzFmJTIyJTJDJTIycmVmZXJlbmNlVHlwZSUyMiUzQSUyMnViZXJfcGxhY2VzJTIyJTJDJTIybGF0aXR1ZGUlMjIlM0E1MS40OTQwODgyJTJDJTIybG9uZ2l0dWRlJTIyJTNBLTAuMTczOTE0OCU3RA%3D%3D&q=Burgers&sc=HOME_FEED_ITEM
13,Kebab,https://www.ubereats.com/gb/search?kn=Kebab&pl=JTdCJTIyYWRkcmVzcyUyMiUzQSUyMlNvdXRoJTIwS2Vuc2luZ3RvbiUyMFVuZGVyZ3JvdW5kJTIwTWV0cm8lMjBTdGF0aW9uJTIyJTJDJTIycmVmZXJlbmNlJTIyJTNBJTIyNDJjZDhjOWUtODZiYy01YmU4LTZlMGEtMjU2YTEyZjFmMzFmJTIyJTJDJTIycmVmZXJlbmNlVHlwZSUyMiUzQSUyMnViZXJfcGxhY2VzJTIyJTJDJTIybGF0aXR1ZGUlMjIlM0E1MS40OTQwODgyJTJDJTIybG9uZ2l0dWRlJTIyJTNBLTAuMTczOTE0OCU3RA%3D%3D&q=Kebab&sc=HOME_FEED_ITEM
14,Bubble tea,https://www.ubereats.com/gb/search?kn=BubbleTea&pl=JTdCJTIyYWRkcmVzcyUyMiUzQSUyMlNvdXRoJTIwS2Vuc2luZ3RvbiUyMFVuZGVyZ3JvdW5kJTIwTWV0cm8lMjBTdGF0aW9uJTIyJTJDJTIycmVmZXJlbmNlJTIyJTNBJTIyNDJjZDhjOWUtODZiYy01YmU4LTZlMGEtMjU2YTEyZjFmMzFmJTIyJTJDJTIycmVmZXJlbmNlVHlwZSUyMiUzQSUyMnViZXJfcGxhY2VzJTIyJTJDJTIybGF0aXR1ZGUlMjIlM0E1MS40OTQwODgyJTJDJTIybG9uZ2l0dWRlJTIyJTNBLTAuMTczOTE0OCU3RA%3D%3D&q=Bubble%20tea&sc=HOME_FEED_ITEM
15,Desserts,https://www.ubereats.com/gb/search?kn=Dessert&pl=JTdCJTIyYWRkcmVzcyUyMiUzQSUyMlNvdXRoJTIwS2Vuc2luZ3RvbiUyMFVuZGVyZ3JvdW5kJTIwTWV0cm8lMjBTdGF0aW9uJTIyJTJDJTIycmVmZXJlbmNlJTIyJTNBJTIyNDJjZDhjOWUtODZiYy01YmU4LTZlMGEtMjU2YTEyZjFmMzFmJTIyJTJDJTIycmVmZXJlbmNlVHlwZSUyMiUzQSUyMnViZXJfcGxhY2VzJTIyJTJDJTIybGF0aXR1ZGUlMjIlM0E1MS40OTQwODgyJTJDJTIybG9uZ2l0dWRlJTIyJTNBLTAuMTczOTE0OCU3RA%3D%3D&q=Desserts&sc=HOME_FEED_ITEM
16,Korean,https://www.ubereats.com/gb/search?kn=Korean&pl=JTdCJTIyYWRkcmVzcyUyMiUzQSUyMlNvdXRoJTIwS2Vuc2luZ3RvbiUyMFVuZGVyZ3JvdW5kJTIwTWV0cm8lMjBTdGF0aW9uJTIyJTJDJTIycmVmZXJlbmNlJTIyJTNBJTIyNDJjZDhjOWUtODZiYy01YmU4LTZlMGEtMjU2YTEyZjFmMzFmJTIyJTJDJTIycmVmZXJlbmNlVHlwZSUyMiUzQSUyMnViZXJfcGxhY2VzJTIyJTJDJTIybGF0aXR1ZGUlMjIlM0E1MS40OTQwODgyJTJDJTIybG9uZ2l0dWRlJTIyJTNBLTAuMTczOTE0OCU3RA%3D%3D&q=Korean&sc=HOME_FEED_ITEM
17,Thai,https://www.ubereats.com/gb/search?kn=Thai&pl=JTdCJTIyYWRkcmVzcyUyMiUzQSUyMlNvdXRoJTIwS2Vuc2luZ3RvbiUyMFVuZGVyZ3JvdW5kJTIwTWV0cm8lMjBTdGF0aW9uJTIyJTJDJTIycmVmZXJlbmNlJTIyJTNBJTIyNDJjZDhjOWUtODZiYy01YmU4LTZlMGEtMjU2YTEyZjFmMzFmJTIyJTJDJTIycmVmZXJlbmNlVHlwZSUyMiUzQSUyMnViZXJfcGxhY2VzJTIyJTJDJTIybGF0aXR1ZGUlMjIlM0E1MS40OTQwODgyJTJDJTIybG9uZ2l0dWRlJTIyJTNBLTAuMTczOTE0OCU3RA%3D%3D&q=Thai&sc=HOME_FEED_ITEM
18,Wings,https://www.ubereats.com/gb/search?kn=Wings&pl=JTdCJTIyYWRkcmVzcyUyMiUzQSUyMlNvdXRoJTIwS2Vuc2luZ3RvbiUyMFVuZGVyZ3JvdW5kJTIwTWV0cm8lMjBTdGF0aW9uJTIyJTJDJTIycmVmZXJlbmNlJTIyJTNBJTIyNDJjZDhjOWUtODZiYy01YmU4LTZlMGEtMjU2YTEyZjFmMzFmJTIyJTJDJTIycmVmZXJlbmNlVHlwZSUyMiUzQSUyMnViZXJfcGxhY2VzJTIyJTJDJTIybGF0aXR1ZGUlMjIlM0E1MS40OTQwODgyJTJDJTIybG9uZ2l0dWRlJTIyJTNBLTAuMTczOTE0OCU3RA%3D%3D&q=Wings&sc=HOME_FEED_ITEM
19,Sandwich,https://www.ubereats.com/gb/search?kn=Sandwich&pl=JTdCJTIyYWRkcmVzcyUyMiUzQSUyMlNvdXRoJTIwS2Vuc2luZ3RvbiUyMFVuZGVyZ3JvdW5kJTIwTWV0cm8lMjBTdGF0aW9uJTIyJTJDJTIycmVmZXJlbmNlJTIyJTNBJTIyNDJjZDhjOWUtODZiYy01YmU4LTZlMGEtMjU2YTEyZjFmMzFmJTIyJTJDJTIycmVmZXJlbmNlVHlwZSUyMiUzQSUyMnViZXJfcGxhY2VzJTIyJTJDJTIybGF0aXR1ZGUlMjIlM0E1MS40OTQwODgyJTJDJTIybG9uZ2l0dWRlJTIyJTNBLTAuMTczOTE0OCU3RA%3D%3D&q=Sandwich&sc=HOME_FEED_ITEM
20,Pasta,https://www.ubereats.com/gb/search?kn=Pasta&pl=JTdCJTIyYWRkcmVzcyUyMiUzQSUyMlNvdXRoJTIwS2Vuc2luZ3RvbiUyMFVuZGVyZ3JvdW5kJTIwTWV0cm8lMjBTdGF0aW9uJTIyJTJDJTIycmVmZXJlbmNlJTIyJTNBJTIyNDJjZDhjOWUtODZiYy01YmU4LTZlMGEtMjU2YTEyZjFmMzFmJTIyJTJDJTIycmVmZXJlbmNlVHlwZSUyMiUzQSUyMnViZXJfcGxhY2VzJTIyJTJDJTIybGF0aXR1ZGUlMjIlM0E1MS40OTQwODgyJTJDJTIybG9uZ2l0dWRlJTIyJTNBLTAuMTczOTE0OCU3RA%3D%3D&q=Pasta&sc=HOME_FEED_ITEM
21,Turkish,https://www.ubereats.com/gb/search?kn=Turkish&pl=JTdCJTIyYWRkcmVzcyUyMiUzQSUyMlNvdXRoJTIwS2Vuc2luZ3RvbiUyMFVuZGVyZ3JvdW5kJTIwTWV0cm8lMjBTdGF0aW9uJTIyJTJDJTIycmVmZXJlbmNlJTIyJTNBJTIyNDJjZDhjOWUtODZiYy01YmU4LTZlMGEtMjU2YTEyZjFmMzFmJTIyJTJDJTIycmVmZXJlbmNlVHlwZSUyMiUzQSUyMnViZXJfcGxhY2VzJTIyJTJDJTIybGF0aXR1ZGUlMjIlM0E1MS40OTQwODgyJTJDJTIybG9uZ2l0dWRlJTIyJTNBLTAuMTczOTE0OCU3RA%3D%3D&q=Turkish&sc=HOME_FEED_ITEM
22,Greek,https://www.ubereats.com/gb/search?kn=Greek&pl=JTdCJTIyYWRkcmVzcyUyMiUzQSUyMlNvdXRoJTIwS2Vuc2luZ3RvbiUyMFVuZGVyZ3JvdW5kJTIwTWV0cm8lMjBTdGF0aW9uJTIyJTJDJTIycmVmZXJlbmNlJTIyJTNBJTIyNDJjZDhjOWUtODZiYy01YmU4LTZlMGEtMjU2YTEyZjFmMzFmJTIyJTJDJTIycmVmZXJlbmNlVHlwZSUyMiUzQSUyMnViZXJfcGxhY2VzJTIyJTJDJTIybGF0aXR1ZGUlMjIlM0E1MS40OTQwODgyJTJDJTIybG9uZ2l0dWRlJTIyJTNBLTAuMTczOTE0OCU3RA%3D%3D&q=Greek&sc=HOME_FEED_ITEM
23,Mexican,https://www.ubereats.com/gb/search?kn=Mexican&pl=JTdCJTIyYWRkcmVzcyUyMiUzQSUyMlNvdXRoJTIwS2Vuc2luZ3RvbiUyMFVuZGVyZ3JvdW5kJTIwTWV0cm8lMjBTdGF0aW9uJTIyJTJDJTIycmVmZXJlbmNlJTIyJTNBJTIyNDJjZDhjOWUtODZiYy01YmU4LTZlMGEtMjU2YTEyZjFmMzFmJTIyJTJDJTIycmVmZXJlbmNlVHlwZSUyMiUzQSUyMnViZXJfcGxhY2VzJTIyJTJDJTIybGF0aXR1ZGUlMjIlM0E1MS40OTQwODgyJTJDJTIybG9uZ2l0dWRlJTIyJTNBLTAuMTczOTE0OCU3RA%3D%3D&q=Mexican&sc=HOME_FEED_ITEM
24,Chicken,https://www.ubereats.com/gb/search?kn=Pollo&pl=JTdCJTIyYWRkcmVzcyUyMiUzQSUyMlNvdXRoJTIwS2Vuc2luZ3RvbiUyMFVuZGVyZ3JvdW5kJTIwTWV0cm8lMjBTdGF0aW9uJTIyJTJDJTIycmVmZXJlbmNlJTIyJTNBJTIyNDJjZDhjOWUtODZiYy01YmU4LTZlMGEtMjU2YTEyZjFmMzFmJTIyJTJDJTIycmVmZXJlbmNlVHlwZSUyMiUzQSUyMnViZXJfcGxhY2VzJTIyJTJDJTIybGF0aXR1ZGUlMjIlM0E1MS40OTQwODgyJTJDJTIybG9uZ2l0dWRlJTIyJTNBLTAuMTczOTE0OCU3RA%3D%3D&q=Chicken&sc=HOME_FEED_ITEM
25,Fish   chips,https://www.ubereats.com/gb/search?kn=FishAndChips&pl=JTdCJTIyYWRkcmVzcyUyMiUzQSUyMlNvdXRoJTIwS2Vuc2luZ3RvbiUyMFVuZGVyZ3JvdW5kJTIwTWV0cm8lMjBTdGF0aW9uJTIyJTJDJTIycmVmZXJlbmNlJTIyJTNBJTIyNDJjZDhjOWUtODZiYy01YmU4LTZlMGEtMjU2YTEyZjFmMzFmJTIyJTJDJTIycmVmZXJlbmNlVHlwZSUyMiUzQSUyMnViZXJfcGxhY2VzJTIyJTJDJTIybGF0aXR1ZGUlMjIlM0E1MS40OTQwODgyJTJDJTIybG9uZ2l0dWRlJTIyJTNBLTAuMTczOTE0OCU3RA%3D%3D&q=Fish%20%26%20chips&sc=HOME_FEED_ITEM
26,Vegan,https://www.ubereats.com/gb/search?kn=Vegan&pl=JTdCJTIyYWRkcmVzcyUyMiUzQSUyMlNvdXRoJTIwS2Vuc2luZ3RvbiUyMFVuZGVyZ3JvdW5kJTIwTWV0cm8lMjBTdGF0aW9uJTIyJTJDJTIycmVmZXJlbmNlJTIyJTNBJTIyNDJjZDhjOWUtODZiYy01YmU4LTZlMGEtMjU2YTEyZjFmMzFmJTIyJTJDJTIycmVmZXJlbmNlVHlwZSUyMiUzQSUyMnViZXJfcGxhY2VzJTIyJTJDJTIybGF0aXR1ZGUlMjIlM0E1MS40OTQwODgyJTJDJTIybG9uZ2l0dWRlJTIyJTNBLTAuMTczOTE0OCU3RA%3D%3D&q=Vegan&sc=HOME_FEED_ITEM
27,Cafe,https://www.ubereats.com/gb/search?kn=Cafe&pl=JTdCJTIyYWRkcmVzcyUyMiUzQSUyMlNvdXRoJTIwS2Vuc2luZ3RvbiUyMFVuZGVyZ3JvdW5kJTIwTWV0cm8lMjBTdGF0aW9uJTIyJTJDJTIycmVmZXJlbmNlJTIyJTNBJTIyNDJjZDhjOWUtODZiYy01YmU4LTZlMGEtMjU2YTEyZjFmMzFmJTIyJTJDJTIycmVmZXJlbmNlVHlwZSUyMiUzQSUyMnViZXJfcGxhY2VzJTIyJTJDJTIybGF0aXR1ZGUlMjIlM0E1MS40OTQwODgyJTJDJTIybG9uZ2l0dWRlJTIyJTNBLTAuMTczOTE0OCU3RA%3D%3D&q=Cafe&sc=HOME_FEED_ITEM
28,Soup,https://www.ubereats.com/gb/search?kn=Soup&pl=JTdCJTIyYWRkcmVzcyUyMiUzQSUyMlNvdXRoJTIwS2Vuc2luZ3RvbiUyMFVuZGVyZ3JvdW5kJTIwTWV0cm8lMjBTdGF0aW9uJTIyJTJDJTIycmVmZXJlbmNlJTIyJTNBJTIyNDJjZDhjOWUtODZiYy01YmU4LTZlMGEtMjU2YTEyZjFmMzFmJTIyJTJDJTIycmVmZXJlbmNlVHlwZSUyMiUzQSUyMnViZXJfcGxhY2VzJTIyJTJDJTIybGF0aXR1ZGUlMjIlM0E1MS40OTQwODgyJTJDJTIybG9uZ2l0dWRlJTIyJTNBLTAuMTczOTE0OCU3RA%3D%3D&q=Soup&sc=HOME_FEED_ITEM
29,Japanese,https://www.ubereats.com/gb/search?kn=Japanese&pl=JTdCJTIyYWRkcmVzcyUyMiUzQSUyMlNvdXRoJTIwS2Vuc2luZ3RvbiUyMFVuZGVyZ3JvdW5kJTIwTWV0cm8lMjBTdGF0aW9uJTIyJTJDJTIycmVmZXJlbmNlJTIyJTNBJTIyNDJjZDhjOWUtODZiYy01YmU4LTZlMGEtMjU2YTEyZjFmMzFmJTIyJTJDJTIycmVmZXJlbmNlVHlwZSUyMiUzQSUyMnViZXJfcGxhY2VzJTIyJTJDJTIybGF0aXR1ZGUlMjIlM0E1MS40OTQwODgyJTJDJTIybG9uZ2l0dWRlJTIyJTNBLTAuMTczOTE0OCU3RA%3D%3D&q=Japanese&sc=HOME_FEED_ITEM
30,Ramen,https://www.ubereats.com/gb/search?kn=Ramen&pl=JTdCJTIyYWRkcmVzcyUyMiUzQSUyMlNvdXRoJTIwS2Vuc2luZ3RvbiUyMFVuZGVyZ3JvdW5kJTIwTWV0cm8lMjBTdGF0aW9uJTIyJTJDJTIycmVmZXJlbmNlJTIyJTNBJTIyNDJjZDhjOWUtODZiYy01YmU4LTZlMGEtMjU2YTEyZjFmMzFmJTIyJTJDJTIycmVmZXJlbmNlVHlwZSUyMiUzQSUyMnViZXJfcGxhY2VzJTIyJTJDJTIybGF0aXR1ZGUlMjIlM0E1MS40OTQwODgyJTJDJTIybG9uZ2l0dWRlJTIyJTNBLTAuMTczOTE0OCU3RA%3D%3D&q=Ramen&sc=HOME_FEED_ITEM
31,Vietnamese,https://www.ubereats.com/gb/search?kn=Vietnamese&pl=JTdCJTIyYWRkcmVzcyUyMiUzQSUyMlNvdXRoJTIwS2Vuc2luZ3RvbiUyMFVuZGVyZ3JvdW5kJTIwTWV0cm8lMjBTdGF0aW9uJTIyJTJDJTIycmVmZXJlbmNlJTIyJTNBJTIyNDJjZDhjOWUtODZiYy01YmU4LTZlMGEtMjU2YTEyZjFmMzFmJTIyJTJDJTIycmVmZXJlbmNlVHlwZSUyMiUzQSUyMnViZXJfcGxhY2VzJTIyJTJDJTIybGF0aXR1ZGUlMjIlM0E1MS40OTQwODgyJTJDJTIybG9uZ2l0dWRlJTIyJTNBLTAuMTczOTE0OCU3RA%3D%3D&q=Vietnamese&sc=HOME_FEED_ITEM
32,African,https://www.ubereats.com/gb/search?kn=African&pl=JTdCJTIyYWRkcmVzcyUyMiUzQSUyMlNvdXRoJTIwS2Vuc2luZ3RvbiUyMFVuZGVyZ3JvdW5kJTIwTWV0cm8lMjBTdGF0aW9uJTIyJTJDJTIycmVmZXJlbmNlJTIyJTNBJTIyNDJjZDhjOWUtODZiYy01YmU4LTZlMGEtMjU2YTEyZjFmMzFmJTIyJTJDJTIycmVmZXJlbmNlVHlwZSUyMiUzQSUyMnViZXJfcGxhY2VzJTIyJTJDJTIybGF0aXR1ZGUlMjIlM0E1MS40OTQwODgyJTJDJTIybG9uZ2l0dWRlJTIyJTNBLTAuMTczOTE0OCU3RA%3D%3D&q=African&sc=HOME_FEED_ITEM
33,Italian,https://www.ubereats.com/gb/search?kn=Italian&pl=JTdCJTIyYWRkcmVzcyUyMiUzQSUyMlNvdXRoJTIwS2Vuc2luZ3RvbiUyMFVuZGVyZ3JvdW5kJTIwTWV0cm8lMjBTdGF0aW9uJTIyJTJDJTIycmVmZXJlbmNlJTIyJTNBJTIyNDJjZDhjOWUtODZiYy01YmU4LTZlMGEtMjU2YTEyZjFmMzFmJTIyJTJDJTIycmVmZXJlbmNlVHlwZSUyMiUzQSUyMnViZXJfcGxhY2VzJTIyJTJDJTIybGF0aXR1ZGUlMjIlM0E1MS40OTQwODgyJTJDJTIybG9uZ2l0dWRlJTIyJTNBLTAuMTczOTE0OCU3RA%3D%3D&q=Italian&sc=HOME_FEED_ITEM
34,Biryani,https://www.ubereats.com/gb/search?kn=Biryani&pl=JTdCJTIyYWRkcmVzcyUyMiUzQSUyMlNvdXRoJTIwS2Vuc2luZ3RvbiUyMFVuZGVyZ3JvdW5kJTIwTWV0cm8lMjBTdGF0aW9uJTIyJTJDJTIycmVmZXJlbmNlJTIyJTNBJTIyNDJjZDhjOWUtODZiYy01YmU4LTZlMGEtMjU2YTEyZjFmMzFmJTIyJTJDJTIycmVmZXJlbmNlVHlwZSUyMiUzQSUyMnViZXJfcGxhY2VzJTIyJTJDJTIybGF0aXR1ZGUlMjIlM0E1MS40OTQwODgyJTJDJTIybG9uZ2l0dWRlJTIyJTNBLTAuMTczOTE0OCU3RA%3D%3D&q=Biryani&sc=HOME_FEED_ITEM
35,Nigerian,https://www.ubereats.com/gb/search?kn=Nigerian&pl=JTdCJTIyYWRkcmVzcyUyMiUzQSUyMlNvdXRoJTIwS2Vuc2luZ3RvbiUyMFVuZGVyZ3JvdW5kJTIwTWV0cm8lMjBTdGF0aW9uJTIyJTJDJTIycmVmZXJlbmNlJTIyJTNBJTIyNDJjZDhjOWUtODZiYy01YmU4LTZlMGEtMjU2YTEyZjFmMzFmJTIyJTJDJTIycmVmZXJlbmNlVHlwZSUyMiUzQSUyMnViZXJfcGxhY2VzJTIyJTJDJTIybGF0aXR1ZGUlMjIlM0E1MS40OTQwODgyJTJDJTIybG9uZ2l0dWRlJTIyJTNBLTAuMTczOTE0OCU3RA%3D%3D&q=Nigerian&sc=HOME_FEED_ITEM
36,Bakery,https://www.ubereats.com/gb/search?kn=Bakery&pl=JTdCJTIyYWRkcmVzcyUyMiUzQSUyMlNvdXRoJTIwS2Vuc2luZ3RvbiUyMFVuZGVyZ3JvdW5kJTIwTWV0cm8lMjBTdGF0aW9uJTIyJTJDJTIycmVmZXJlbmNlJTIyJTNBJTIyNDJjZDhjOWUtODZiYy01YmU4LTZlMGEtMjU2YTEyZjFmMzFmJTIyJTJDJTIycmVmZXJlbmNlVHlwZSUyMiUzQSUyMnViZXJfcGxhY2VzJTIyJTJDJTIybGF0aXR1ZGUlMjIlM0E1MS40OTQwODgyJTJDJTIybG9uZ2l0dWRlJTIyJTNBLTAuMTczOTE0OCU3RA%3D%3D&q=Bakery&sc=HOME_FEED_ITEM
37,Asian,https://www.ubereats.com/gb/search?kn=Asian&pl=JTdCJTIyYWRkcmVzcyUyMiUzQSUyMlNvdXRoJTIwS2Vuc2luZ3RvbiUyMFVuZGVyZ3JvdW5kJTIwTWV0cm8lMjBTdGF0aW9uJTIyJTJDJTIycmVmZXJlbmNlJTIyJTNBJTIyNDJjZDhjOWUtODZiYy01YmU4LTZlMGEtMjU2YTEyZjFmMzFmJTIyJTJDJTIycmVmZXJlbmNlVHlwZSUyMiUzQSUyMnViZXJfcGxhY2VzJTIyJTJDJTIybGF0aXR1ZGUlMjIlM0E1MS40OTQwODgyJTJDJTIybG9uZ2l0dWRlJTIyJTNBLTAuMTczOTE0OCU3RA%3D%3D&q=Asian&sc=HOME_FEED_ITEM
38,Poke,https://www.ubereats.com/gb/search?kn=Poke&pl=JTdCJTIyYWRkcmVzcyUyMiUzQSUyMlNvdXRoJTIwS2Vuc2luZ3RvbiUyMFVuZGVyZ3JvdW5kJTIwTWV0cm8lMjBTdGF0aW9uJTIyJTJDJTIycmVmZXJlbmNlJTIyJTNBJTIyNDJjZDhjOWUtODZiYy01YmU4LTZlMGEtMjU2YTEyZjFmMzFmJTIyJTJDJTIycmVmZXJlbmNlVHlwZSUyMiUzQSUyMnViZXJfcGxhY2VzJTIyJTJDJTIybGF0aXR1ZGUlMjIlM0E1MS40OTQwODgyJTJDJTIybG9uZ2l0dWRlJTIyJTNBLTAuMTczOTE0OCU3RA%3D%3D&q=Poke&sc=HOME_FEED_ITEM
39,Brazilian,https://www.ubereats.com/gb/search?kn=Brazilian&pl=JTdCJTIyYWRkcmVzcyUyMiUzQSUyMlNvdXRoJTIwS2Vuc2luZ3RvbiUyMFVuZGVyZ3JvdW5kJTIwTWV0cm8lMjBTdGF0aW9uJTIyJTJDJTIycmVmZXJlbmNlJTIyJTNBJTIyNDJjZDhjOWUtODZiYy01YmU4LTZlMGEtMjU2YTEyZjFmMzFmJTIyJTJDJTIycmVmZXJlbmNlVHlwZSUyMiUzQSUyMnViZXJfcGxhY2VzJTIyJTJDJTIybGF0aXR1ZGUlMjIlM0E1MS40OTQwODgyJTJDJTIybG9uZ2l0dWRlJTIyJTNBLTAuMTczOTE0OCU3RA%3D%3D&q=Brazilian&sc=HOME_FEED_ITEM
40,Lebanese,https://www.ubereats.com/gb/search?kn=Lebanese&pl=JTdCJTIyYWRkcmVzcyUyMiUzQSUyMlNvdXRoJTIwS2Vuc2luZ3RvbiUyMFVuZGVyZ3JvdW5kJTIwTWV0cm8lMjBTdGF0aW9uJTIyJTJDJTIycmVmZXJlbmNlJTIyJTNBJTIyNDJjZDhjOWUtODZiYy01YmU4LTZlMGEtMjU2YTEyZjFmMzFmJTIyJTJDJTIycmVmZXJlbmNlVHlwZSUyMiUzQSUyMnViZXJfcGxhY2VzJTIyJTJDJTIybGF0aXR1ZGUlMjIlM0E1MS40OTQwODgyJTJDJTIybG9uZ2l0dWRlJTIyJTNBLTAuMTczOTE0OCU3RA%3D%3D&q=Lebanese&sc=HOME_FEED_ITEM
41,Grocery,https://www.ubereats.com/gb/search?kn=Grocery&pl=JTdCJTIyYWRkcmVzcyUyMiUzQSUyMlNvdXRoJTIwS2Vuc2luZ3RvbiUyMFVuZGVyZ3JvdW5kJTIwTWV0cm8lMjBTdGF0aW9uJTIyJTJDJTIycmVmZXJlbmNlJTIyJTNBJTIyNDJjZDhjOWUtODZiYy01YmU4LTZlMGEtMjU2YTEyZjFmMzFmJTIyJTJDJTIycmVmZXJlbmNlVHlwZSUyMiUzQSUyMnViZXJfcGxhY2VzJTIyJTJDJTIybGF0aXR1ZGUlMjIlM0E1MS40OTQwODgyJTJDJTIybG9uZ2l0dWRlJTIyJTNBLTAuMTczOTE0OCU3RA%3D%3D&q=Grocery&sc=HOME_FEED_ITEM
42,Jamaican,https://www.ubereats.com/gb/search?kn=Jamaican&pl=JTdCJTIyYWRkcmVzcyUyMiUzQSUyMlNvdXRoJTIwS2Vuc2luZ3RvbiUyMFVuZGVyZ3JvdW5kJTIwTWV0cm8lMjBTdGF0aW9uJTIyJTJDJTIycmVmZXJlbmNlJTIyJTNBJTIyNDJjZDhjOWUtODZiYy01YmU4LTZlMGEtMjU2YTEyZjFmMzFmJTIyJTJDJTIycmVmZXJlbmNlVHlwZSUyMiUzQSUyMnViZXJfcGxhY2VzJTIyJTJDJTIybGF0aXR1ZGUlMjIlM0E1MS40OTQwODgyJTJDJTIybG9uZ2l0dWRlJTIyJTNBLTAuMTczOTE0OCU3RA%3D%3D&q=Jamaican&sc=HOME_FEED_ITEM
43,Burritos,https://www.ubereats.com/gb/search?kn=Burrito&pl=JTdCJTIyYWRkcmVzcyUyMiUzQSUyMlNvdXRoJTIwS2Vuc2luZ3RvbiUyMFVuZGVyZ3JvdW5kJTIwTWV0cm8lMjBTdGF0aW9uJTIyJTJDJTIycmVmZXJlbmNlJTIyJTNBJTIyNDJjZDhjOWUtODZiYy01YmU4LTZlMGEtMjU2YTEyZjFmMzFmJTIyJTJDJTIycmVmZXJlbmNlVHlwZSUyMiUzQSUyMnViZXJfcGxhY2VzJTIyJTJDJTIybGF0aXR1ZGUlMjIlM0E1MS40OTQwODgyJTJDJTIybG9uZ2l0dWRlJTIyJTNBLTAuMTczOTE0OCU3RA%3D%3D&q=Burritos&sc=HOME_FEED_ITEM
44,Pharmacy,https://www.ubereats.com/gb/search?kn=Pharmacy&pl=JTdCJTIyYWRkcmVzcyUyMiUzQSUyMlNvdXRoJTIwS2Vuc2luZ3RvbiUyMFVuZGVyZ3JvdW5kJTIwTWV0cm8lMjBTdGF0aW9uJTIyJTJDJTIycmVmZXJlbmNlJTIyJTNBJTIyNDJjZDhjOWUtODZiYy01YmU4LTZlMGEtMjU2YTEyZjFmMzFmJTIyJTJDJTIycmVmZXJlbmNlVHlwZSUyMiUzQSUyMnViZXJfcGxhY2VzJTIyJTJDJTIybGF0aXR1ZGUlMjIlM0E1MS40OTQwODgyJTJDJTIybG9uZ2l0dWRlJTIyJTNBLTAuMTczOTE0OCU3RA%3D%3D&q=Pharmacy&sc=HOME_FEED_ITEM
45,BBQ,https://www.ubereats.com/gb/search?kn=BBQ&pl=JTdCJTIyYWRkcmVzcyUyMiUzQSUyMlNvdXRoJTIwS2Vuc2luZ3RvbiUyMFVuZGVyZ3JvdW5kJTIwTWV0cm8lMjBTdGF0aW9uJTIyJTJDJTIycmVmZXJlbmNlJTIyJTNBJTIyNDJjZDhjOWUtODZiYy01YmU4LTZlMGEtMjU2YTEyZjFmMzFmJTIyJTJDJTIycmVmZXJlbmNlVHlwZSUyMiUzQSUyMnViZXJfcGxhY2VzJTIyJTJDJTIybGF0aXR1ZGUlMjIlM0E1MS40OTQwODgyJTJDJTIybG9uZ2l0dWRlJTIyJTNBLTAuMTczOTE0OCU3RA%3D%3D&q=BBQ&sc=HOME_FEED_ITEM
46,Flowers,https://www.ubereats.com/gb/search?kn=Flowers&pl=JTdCJTIyYWRkcmVzcyUyMiUzQSUyMlNvdXRoJTIwS2Vuc2luZ3RvbiUyMFVuZGVyZ3JvdW5kJTIwTWV0cm8lMjBTdGF0aW9uJTIyJTJDJTIycmVmZXJlbmNlJTIyJTNBJTIyNDJjZDhjOWUtODZiYy01YmU4LTZlMGEtMjU2YTEyZjFmMzFmJTIyJTJDJTIycmVmZXJlbmNlVHlwZSUyMiUzQSUyMnViZXJfcGxhY2VzJTIyJTJDJTIybGF0aXR1ZGUlMjIlM0E1MS40OTQwODgyJTJDJTIybG9uZ2l0dWRlJTIyJTNBLTAuMTczOTE0OCU3RA%3D%3D&q=Flowers&sc=HOME_FEED_ITEM
47,Filipino,https://www.ubereats.com/gb/search?kn=Filipino&pl=JTdCJTIyYWRkcmVzcyUyMiUzQSUyMlNvdXRoJTIwS2Vuc2luZ3RvbiUyMFVuZGVyZ3JvdW5kJTIwTWV0cm8lMjBTdGF0aW9uJTIyJTJDJTIycmVmZXJlbmNlJTIyJTNBJTIyNDJjZDhjOWUtODZiYy01YmU4LTZlMGEtMjU2YTEyZjFmMzFmJTIyJTJDJTIycmVmZXJlbmNlVHlwZSUyMiUzQSUyMnViZXJfcGxhY2VzJTIyJTJDJTIybGF0aXR1ZGUlMjIlM0E1MS40OTQwODgyJTJDJTIybG9uZ2l0dWRlJTIyJTNBLTAuMTczOTE0OCU3RA%3D%3D&q=Filipino&sc=HOME_FEED_ITEM
48,Gluten free,https://www.ubereats.com/gb/search?kn=GlutenFree&pl=JTdCJTIyYWRkcmVzcyUyMiUzQSUyMlNvdXRoJTIwS2Vuc2luZ3RvbiUyMFVuZGVyZ3JvdW5kJTIwTWV0cm8lMjBTdGF0aW9uJTIyJTJDJTIycmVmZXJlbmNlJTIyJTNBJTIyNDJjZDhjOWUtODZiYy01YmU4LTZlMGEtMjU2YTEyZjFmMzFmJTIyJTJDJTIycmVmZXJlbmNlVHlwZSUyMiUzQSUyMnViZXJfcGxhY2VzJTIyJTJDJTIybGF0aXR1ZGUlMjIlM0E1MS40OTQwODgyJTJDJTIybG9uZ2l0dWRlJTIyJTNBLTAuMTczOTE0OCU3RA%3D%3D&q=Gluten%20free&sc=HOME_FEED_ITEM
49,Seafood,https://www.ubereats.com/gb/search?kn=Seafood&pl=JTdCJTIyYWRkcmVzcyUyMiUzQSUyMlNvdXRoJTIwS2Vuc2luZ3RvbiUyMFVuZGVyZ3JvdW5kJTIwTWV0cm8lMjBTdGF0aW9uJTIyJTJDJTIycmVmZXJlbmNlJTIyJTNBJTIyNDJjZDhjOWUtODZiYy01YmU4LTZlMGEtMjU2YTEyZjFmMzFmJTIyJTJDJTIycmVmZXJlbmNlVHlwZSUyMiUzQSUyMnViZXJfcGxhY2VzJTIyJTJDJTIybGF0aXR1ZGUlMjIlM0E1MS40OTQwODgyJTJDJTIybG9uZ2l0dWRlJTIyJTNBLTAuMTczOTE0OCU3RA%3D%3D&q=Seafood&sc=HOME_FEED_ITEM
50,Vegetarian,https://www.ubereats.com/gb/search?kn=Vegetarian&pl=JTdCJTIyYWRkcmVzcyUyMiUzQSUyMlNvdXRoJTIwS2Vuc2luZ3RvbiUyMFVuZGVyZ3JvdW5kJTIwTWV0cm8lMjBTdGF0aW9uJTIyJTJDJTIycmVmZXJlbmNlJTIyJTNBJTIyNDJjZDhjOWUtODZiYy01YmU4LTZlMGEtMjU2YTEyZjFmMzFmJTIyJTJDJTIycmVmZXJlbmNlVHlwZSUyMiUzQSUyMnViZXJfcGxhY2VzJTIyJTJDJTIybGF0aXR1ZGUlMjIlM0E1MS40OTQwODgyJTJDJTIybG9uZ2l0dWRlJTIyJTNBLTAuMTczOTE0OCU3RA%3D%3D&q=Vegetarian&sc=HOME_FEED_ITEM
51,Persian,https://www.ubereats.com/gb/search?kn=Persian&pl=JTdCJTIyYWRkcmVzcyUyMiUzQSUyMlNvdXRoJTIwS2Vuc2luZ3RvbiUyMFVuZGVyZ3JvdW5kJTIwTWV0cm8lMjBTdGF0aW9uJTIyJTJDJTIycmVmZXJlbmNlJTIyJTNBJTIyNDJjZDhjOWUtODZiYy01YmU4LTZlMGEtMjU2YTEyZjFmMzFmJTIyJTJDJTIycmVmZXJlbmNlVHlwZSUyMiUzQSUyMnViZXJfcGxhY2VzJTIyJTJDJTIybGF0aXR1ZGUlMjIlM0E1MS40OTQwODgyJTJDJTIybG9uZ2l0dWRlJTIyJTNBLTAuMTczOTE0OCU3RA%3D%3D&q=Persian&sc=HOME_FEED_ITEM
52,Malaysian,https://www.ubereats.com/gb/search?kn=Malaysian&pl=JTdCJTIyYWRkcmVzcyUyMiUzQSUyMlNvdXRoJTIwS2Vuc2luZ3RvbiUyMFVuZGVyZ3JvdW5kJTIwTWV0cm8lMjBTdGF0aW9uJTIyJTJDJTIycmVmZXJlbmNlJTIyJTNBJTIyNDJjZDhjOWUtODZiYy01YmU4LTZlMGEtMjU2YTEyZjFmMzFmJTIyJTJDJTIycmVmZXJlbmNlVHlwZSUyMiUzQSUyMnViZXJfcGxhY2VzJTIyJTJDJTIybGF0aXR1ZGUlMjIlM0E1MS40OTQwODgyJTJDJTIybG9uZ2l0dWRlJTIyJTNBLTAuMTczOTE0OCU3RA%3D%3D&q=Malaysian&sc=HOME_FEED_ITEM
53,Portuguese,https://www.ubereats.com/gb/search?kn=Portuguese&pl=JTdCJTIyYWRkcmVzcyUyMiUzQSUyMlNvdXRoJTIwS2Vuc2luZ3RvbiUyMFVuZGVyZ3JvdW5kJTIwTWV0cm8lMjBTdGF0aW9uJTIyJTJDJTIycmVmZXJlbmNlJTIyJTNBJTIyNDJjZDhjOWUtODZiYy01YmU4LTZlMGEtMjU2YTEyZjFmMzFmJTIyJTJDJTIycmVmZXJlbmNlVHlwZSUyMiUzQSUyMnViZXJfcGxhY2VzJTIyJTJDJTIybGF0aXR1ZGUlMjIlM0E1MS40OTQwODgyJTJDJTIybG9uZ2l0dWRlJTIyJTNBLTAuMTczOTE0OCU3RA%3D%3D&q=Portuguese&sc=HOME_FEED_ITEM
54,Hot dog,https://www.ubereats.com/gb/search?kn=HotDog&pl=JTdCJTIyYWRkcmVzcyUyMiUzQSUyMlNvdXRoJTIwS2Vuc2luZ3RvbiUyMFVuZGVyZ3JvdW5kJTIwTWV0cm8lMjBTdGF0aW9uJTIyJTJDJTIycmVmZXJlbmNlJTIyJTNBJTIyNDJjZDhjOWUtODZiYy01YmU4LTZlMGEtMjU2YTEyZjFmMzFmJTIyJTJDJTIycmVmZXJlbmNlVHlwZSUyMiUzQSUyMnViZXJfcGxhY2VzJTIyJTJDJTIybGF0aXR1ZGUlMjIlM0E1MS40OTQwODgyJTJDJTIybG9uZ2l0dWRlJTIyJTNBLTAuMTczOTE0OCU3RA%3D%3D&q=Hot%20dog&sc=HOME_FEED_ITEM
55,Sri Lankan,https://www.ubereats.com/gb/search?kn=SriLankan&pl=JTdCJTIyYWRkcmVzcyUyMiUzQSUyMlNvdXRoJTIwS2Vuc2luZ3RvbiUyMFVuZGVyZ3JvdW5kJTIwTWV0cm8lMjBTdGF0aW9uJTIyJTJDJTIycmVmZXJlbmNlJTIyJTNBJTIyNDJjZDhjOWUtODZiYy01YmU4LTZlMGEtMjU2YTEyZjFmMzFmJTIyJTJDJTIycmVmZXJlbmNlVHlwZSUyMiUzQSUyMnViZXJfcGxhY2VzJTIyJTJDJTIybGF0aXR1ZGUlMjIlM0E1MS40OTQwODgyJTJDJTIybG9uZ2l0dWRlJTIyJTNBLTAuMTczOTE0OCU3RA%3D%3D&q=Sri%20Lankan&sc=HOME_FEED_ITEM
56,Polish,https://www.ubereats.com/gb/search?kn=Polish&pl=JTdCJTIyYWRkcmVzcyUyMiUzQSUyMlNvdXRoJTIwS2Vuc2luZ3RvbiUyMFVuZGVyZ3JvdW5kJTIwTWV0cm8lMjBTdGF0aW9uJTIyJTJDJTIycmVmZXJlbmNlJTIyJTNBJTIyNDJjZDhjOWUtODZiYy01YmU4LTZlMGEtMjU2YTEyZjFmMzFmJTIyJTJDJTIycmVmZXJlbmNlVHlwZSUyMiUzQSUyMnViZXJfcGxhY2VzJTIyJTJDJTIybGF0aXR1ZGUlMjIlM0E1MS40OTQwODgyJTJDJTIybG9uZ2l0dWRlJTIyJTNBLTAuMTczOTE0OCU3RA%3D%3D&q=Polish&sc=HOME_FEED_ITEM
57,Comfort food,https://www.ubereats.com/gb/search?kn=ComfortFood&pl=JTdCJTIyYWRkcmVzcyUyMiUzQSUyMlNvdXRoJTIwS2Vuc2luZ3RvbiUyMFVuZGVyZ3JvdW5kJTIwTWV0cm8lMjBTdGF0aW9uJTIyJTJDJTIycmVmZXJlbmNlJTIyJTNBJTIyNDJjZDhjOWUtODZiYy01YmU4LTZlMGEtMjU2YTEyZjFmMzFmJTIyJTJDJTIycmVmZXJlbmNlVHlwZSUyMiUzQSUyMnViZXJfcGxhY2VzJTIyJTJDJTIybGF0aXR1ZGUlMjIlM0E1MS40OTQwODgyJTJDJTIybG9uZ2l0dWRlJTIyJTNBLTAuMTczOTE0OCU3RA%3D%3D&q=Comfort%20food&sc=HOME_FEED_ITEM
58,Middle Eastern,https://www.ubereats.com/gb/search?kn=MiddleEastern&pl=JTdCJTIyYWRkcmVzcyUyMiUzQSUyMlNvdXRoJTIwS2Vuc2luZ3RvbiUyMFVuZGVyZ3JvdW5kJTIwTWV0cm8lMjBTdGF0aW9uJTIyJTJDJTIycmVmZXJlbmNlJTIyJTNBJTIyNDJjZDhjOWUtODZiYy01YmU4LTZlMGEtMjU2YTEyZjFmMzFmJTIyJTJDJTIycmVmZXJlbmNlVHlwZSUyMiUzQSUyMnViZXJfcGxhY2VzJTIyJTJDJTIybGF0aXR1ZGUlMjIlM0E1MS40OTQwODgyJTJDJTIybG9uZ2l0dWRlJTIyJTNBLTAuMTczOTE0OCU3RA%3D%3D&q=Middle%20Eastern&sc=HOME_FEED_ITEM
59,Romanian,https://www.ubereats.com/gb/search?kn=Romanian&pl=JTdCJTIyYWRkcmVzcyUyMiUzQSUyMlNvdXRoJTIwS2Vuc2luZ3RvbiUyMFVuZGVyZ3JvdW5kJTIwTWV0cm8lMjBTdGF0aW9uJTIyJTJDJTIycmVmZXJlbmNlJTIyJTNBJTIyNDJjZDhjOWUtODZiYy01YmU4LTZlMGEtMjU2YTEyZjFmMzFmJTIyJTJDJTIycmVmZXJlbmNlVHlwZSUyMiUzQSUyMnViZXJfcGxhY2VzJTIyJTJDJTIybGF0aXR1ZGUlMjIlM0E1MS40OTQwODgyJTJDJTIybG9uZ2l0dWRlJTIyJTNBLTAuMTczOTE0OCU3RA%3D%3D&q=Romanian&sc=HOME_FEED_ITEM
60,Doughnuts,https://www.ubereats.com/gb/search?kn=Donut&pl=JTdCJTIyYWRkcmVzcyUyMiUzQSUyMlNvdXRoJTIwS2Vuc2luZ3RvbiUyMFVuZGVyZ3JvdW5kJTIwTWV0cm8lMjBTdGF0aW9uJTIyJTJDJTIycmVmZXJlbmNlJTIyJTNBJTIyNDJjZDhjOWUtODZiYy01YmU4LTZlMGEtMjU2YTEyZjFmMzFmJTIyJTJDJTIycmVmZXJlbmNlVHlwZSUyMiUzQSUyMnViZXJfcGxhY2VzJTIyJTJDJTIybGF0aXR1ZGUlMjIlM0E1MS40OTQwODgyJTJDJTIybG9uZ2l0dWRlJTIyJTNBLTAuMTczOTE0OCU3RA%3D%3D&q=Doughnuts&sc=HOME_FEED_ITEM
61,Falafel,https://www.ubereats.com/gb/search?kn=Falafel&pl=JTdCJTIyYWRkcmVzcyUyMiUzQSUyMlNvdXRoJTIwS2Vuc2luZ3RvbiUyMFVuZGVyZ3JvdW5kJTIwTWV0cm8lMjBTdGF0aW9uJTIyJTJDJTIycmVmZXJlbmNlJTIyJTNBJTIyNDJjZDhjOWUtODZiYy01YmU4LTZlMGEtMjU2YTEyZjFmMzFmJTIyJTJDJTIycmVmZXJlbmNlVHlwZSUyMiUzQSUyMnViZXJfcGxhY2VzJTIyJTJDJTIybGF0aXR1ZGUlMjIlM0E1MS40OTQwODgyJTJDJTIybG9uZ2l0dWRlJTIyJTNBLTAuMTczOTE0OCU3RA%3D%3D&q=Falafel&sc=HOME_FEED_ITEM
62,American,https://www.ubereats.com/gb/search?kn=American&pl=JTdCJTIyYWRkcmVzcyUyMiUzQSUyMlNvdXRoJTIwS2Vuc2luZ3RvbiUyMFVuZGVyZ3JvdW5kJTIwTWV0cm8lMjBTdGF0aW9uJTIyJTJDJTIycmVmZXJlbmNlJTIyJTNBJTIyNDJjZDhjOWUtODZiYy01YmU4LTZlMGEtMjU2YTEyZjFmMzFmJTIyJTJDJTIycmVmZXJlbmNlVHlwZSUyMiUzQSUyMnViZXJfcGxhY2VzJTIyJTJDJTIybGF0aXR1ZGUlMjIlM0E1MS40OTQwODgyJTJDJTIybG9uZ2l0dWRlJTIyJTNBLTAuMTczOTE0OCU3RA%3D%3D&q=American&sc=HOME_FEED_ITEM
63,Retail,https://www.ubereats.com/gb/search?kn=Retail&pl=JTdCJTIyYWRkcmVzcyUyMiUzQSUyMlNvdXRoJTIwS2Vuc2luZ3RvbiUyMFVuZGVyZ3JvdW5kJTIwTWV0cm8lMjBTdGF0aW9uJTIyJTJDJTIycmVmZXJlbmNlJTIyJTNBJTIyNDJjZDhjOWUtODZiYy01YmU4LTZlMGEtMjU2YTEyZjFmMzFmJTIyJTJDJTIycmVmZXJlbmNlVHlwZSUyMiUzQSUyMnViZXJfcGxhY2VzJTIyJTJDJTIybGF0aXR1ZGUlMjIlM0E1MS40OTQwODgyJTJDJTIybG9uZ2l0dWRlJTIyJTNBLTAuMTczOTE0OCU3RA%3D%3D&q=Retail&sc=HOME_FEED_ITEM
64,Street food,https://www.ubereats.com/gb/search?kn=StreetFood&pl=JTdCJTIyYWRkcmVzcyUyMiUzQSUyMlNvdXRoJTIwS2Vuc2luZ3RvbiUyMFVuZGVyZ3JvdW5kJTIwTWV0cm8lMjBTdGF0aW9uJTIyJTJDJTIycmVmZXJlbmNlJTIyJTNBJTIyNDJjZDhjOWUtODZiYy01YmU4LTZlMGEtMjU2YTEyZjFmMzFmJTIyJTJDJTIycmVmZXJlbmNlVHlwZSUyMiUzQSUyMnViZXJfcGxhY2VzJTIyJTJDJTIybGF0aXR1ZGUlMjIlM0E1MS40OTQwODgyJTJDJTIybG9uZ2l0dWRlJTIyJTNBLTAuMTczOTE0OCU3RA%3D%3D&q=Street%20food&sc=HOME_FEED_ITEM
65,South Indian,https://www.ubereats.com/gb/search?kn=SouthIndian&pl=JTdCJTIyYWRkcmVzcyUyMiUzQSUyMlNvdXRoJTIwS2Vuc2luZ3RvbiUyMFVuZGVyZ3JvdW5kJTIwTWV0cm8lMjBTdGF0aW9uJTIyJTJDJTIycmVmZXJlbmNlJTIyJTNBJTIyNDJjZDhjOWUtODZiYy01YmU4LTZlMGEtMjU2YTEyZjFmMzFmJTIyJTJDJTIycmVmZXJlbmNlVHlwZSUyMiUzQSUyMnViZXJfcGxhY2VzJTIyJTJDJTIybGF0aXR1ZGUlMjIlM0E1MS40OTQwODgyJTJDJTIybG9uZ2l0dWRlJTIyJTNBLTAuMTczOTE0OCU3RA%3D%3D&q=South%20Indian&sc=HOME_FEED_ITEM
66,Cupcakes,https://www.ubereats.com/gb/search?kn=Cupcake&pl=JTdCJTIyYWRkcmVzcyUyMiUzQSUyMlNvdXRoJTIwS2Vuc2luZ3RvbiUyMFVuZGVyZ3JvdW5kJTIwTWV0cm8lMjBTdGF0aW9uJTIyJTJDJTIycmVmZXJlbmNlJTIyJTNBJTIyNDJjZDhjOWUtODZiYy01YmU4LTZlMGEtMjU2YTEyZjFmMzFmJTIyJTJDJTIycmVmZXJlbmNlVHlwZSUyMiUzQSUyMnViZXJfcGxhY2VzJTIyJTJDJTIybGF0aXR1ZGUlMjIlM0E1MS40OTQwODgyJTJDJTIybG9uZ2l0dWRlJTIyJTNBLTAuMTczOTE0OCU3RA%3D%3D&q=Cupcakes&sc=HOME_FEED_ITEM
67,Pakistani,https://www.ubereats.com/gb/search?kn=Pakistani&pl=JTdCJTIyYWRkcmVzcyUyMiUzQSUyMlNvdXRoJTIwS2Vuc2luZ3RvbiUyMFVuZGVyZ3JvdW5kJTIwTWV0cm8lMjBTdGF0aW9uJTIyJTJDJTIycmVmZXJlbmNlJTIyJTNBJTIyNDJjZDhjOWUtODZiYy01YmU4LTZlMGEtMjU2YTEyZjFmMzFmJTIyJTJDJTIycmVmZXJlbmNlVHlwZSUyMiUzQSUyMnViZXJfcGxhY2VzJTIyJTJDJTIybGF0aXR1ZGUlMjIlM0E1MS40OTQwODgyJTJDJTIybG9uZ2l0dWRlJTIyJTNBLTAuMTczOTE0OCU3RA%3D%3D&q=Pakistani&sc=HOME_FEED_ITEM
68,Deli,https://www.ubereats.com/gb/search?kn=Deli&pl=JTdCJTIyYWRkcmVzcyUyMiUzQSUyMlNvdXRoJTIwS2Vuc2luZ3RvbiUyMFVuZGVyZ3JvdW5kJTIwTWV0cm8lMjBTdGF0aW9uJTIyJTJDJTIycmVmZXJlbmNlJTIyJTNBJTIyNDJjZDhjOWUtODZiYy01YmU4LTZlMGEtMjU2YTEyZjFmMzFmJTIyJTJDJTIycmVmZXJlbmNlVHlwZSUyMiUzQSUyMnViZXJfcGxhY2VzJTIyJTJDJTIybGF0aXR1ZGUlMjIlM0E1MS40OTQwODgyJTJDJTIybG9uZ2l0dWRlJTIyJTNBLTAuMTczOTE0OCU3RA%3D%3D&q=Deli&sc=HOME_FEED_ITEM
69,Salads,https://www.ubereats.com/gb/search?kn=Salad&pl=JTdCJTIyYWRkcmVzcyUyMiUzQSUyMlNvdXRoJTIwS2Vuc2luZ3RvbiUyMFVuZGVyZ3JvdW5kJTIwTWV0cm8lMjBTdGF0aW9uJTIyJTJDJTIycmVmZXJlbmNlJTIyJTNBJTIyNDJjZDhjOWUtODZiYy01YmU4LTZlMGEtMjU2YTEyZjFmMzFmJTIyJTJDJTIycmVmZXJlbmNlVHlwZSUyMiUzQSUyMnViZXJfcGxhY2VzJTIyJTJDJTIybGF0aXR1ZGUlMjIlM0E1MS40OTQwODgyJTJDJTIybG9uZ2l0dWRlJTIyJTNBLTAuMTczOTE0OCU3RA%3D%3D&q=Salads&sc=HOME_FEED_ITEM
70,Indian curry,https://www.ubereats.com/gb/search?kn=IndianCurry&pl=JTdCJTIyYWRkcmVzcyUyMiUzQSUyMlNvdXRoJTIwS2Vuc2luZ3RvbiUyMFVuZGVyZ3JvdW5kJTIwTWV0cm8lMjBTdGF0aW9uJTIyJTJDJTIycmVmZXJlbmNlJTIyJTNBJTIyNDJjZDhjOWUtODZiYy01YmU4LTZlMGEtMjU2YTEyZjFmMzFmJTIyJTJDJTIycmVmZXJlbmNlVHlwZSUyMiUzQSUyMnViZXJfcGxhY2VzJTIyJTJDJTIybGF0aXR1ZGUlMjIlM0E1MS40OTQwODgyJTJDJTIybG9uZ2l0dWRlJTIyJTNBLTAuMTczOTE0OCU3RA%3D%3D&q=Indian%20curry&sc=HOME_FEED_ITEM
71,Ethiopian,https://www.ubereats.com/gb/search?kn=Ethiopian&pl=JTdCJTIyYWRkcmVzcyUyMiUzQSUyMlNvdXRoJTIwS2Vuc2luZ3RvbiUyMFVuZGVyZ3JvdW5kJTIwTWV0cm8lMjBTdGF0aW9uJTIyJTJDJTIycmVmZXJlbmNlJTIyJTNBJTIyNDJjZDhjOWUtODZiYy01YmU4LTZlMGEtMjU2YTEyZjFmMzFmJTIyJTJDJTIycmVmZXJlbmNlVHlwZSUyMiUzQSUyMnViZXJfcGxhY2VzJTIyJTJDJTIybGF0aXR1ZGUlMjIlM0E1MS40OTQwODgyJTJDJTIybG9uZ2l0dWRlJTIyJTNBLTAuMTczOTE0OCU3RA%3D%3D&q=Ethiopian&sc=HOME_FEED_ITEM
72,Coffee   tea,https://www.ubereats.com/gb/search?kn=CoffeeAndTea&pl=JTdCJTIyYWRkcmVzcyUyMiUzQSUyMlNvdXRoJTIwS2Vuc2luZ3RvbiUyMFVuZGVyZ3JvdW5kJTIwTWV0cm8lMjBTdGF0aW9uJTIyJTJDJTIycmVmZXJlbmNlJTIyJTNBJTIyNDJjZDhjOWUtODZiYy01YmU4LTZlMGEtMjU2YTEyZjFmMzFmJTIyJTJDJTIycmVmZXJlbmNlVHlwZSUyMiUzQSUyMnViZXJfcGxhY2VzJTIyJTJDJTIybGF0aXR1ZGUlMjIlM0E1MS40OTQwODgyJTJDJTIybG9uZ2l0dWRlJTIyJTNBLTAuMTczOTE0OCU3RA%3D%3D&q=Coffee%20%26%20tea&sc=HOME_FEED_ITEM
73,German,https://www.ubereats.com/gb/search?kn=German&pl=JTdCJTIyYWRkcmVzcyUyMiUzQSUyMlNvdXRoJTIwS2Vuc2luZ3RvbiUyMFVuZGVyZ3JvdW5kJTIwTWV0cm8lMjBTdGF0aW9uJTIyJTJDJTIycmVmZXJlbmNlJTIyJTNBJTIyNDJjZDhjOWUtODZiYy01YmU4LTZlMGEtMjU2YTEyZjFmMzFmJTIyJTJDJTIycmVmZXJlbmNlVHlwZSUyMiUzQSUyMnViZXJfcGxhY2VzJTIyJTJDJTIybGF0aXR1ZGUlMjIlM0E1MS40OTQwODgyJTJDJTIybG9uZ2l0dWRlJTIyJTNBLTAuMTczOTE0OCU3RA%3D%3D&q=German&sc=HOME_FEED_ITEM
74,Soul food,https://www.ubereats.com/gb/search?kn=SoulFood&pl=JTdCJTIyYWRkcmVzcyUyMiUzQSUyMlNvdXRoJTIwS2Vuc2luZ3RvbiUyMFVuZGVyZ3JvdW5kJTIwTWV0cm8lMjBTdGF0aW9uJTIyJTJDJTIycmVmZXJlbmNlJTIyJTNBJTIyNDJjZDhjOWUtODZiYy01YmU4LTZlMGEtMjU2YTEyZjFmMzFmJTIyJTJDJTIycmVmZXJlbmNlVHlwZSUyMiUzQSUyMnViZXJfcGxhY2VzJTIyJTJDJTIybGF0aXR1ZGUlMjIlM0E1MS40OTQwODgyJTJDJTIybG9uZ2l0dWRlJTIyJTNBLTAuMTczOTE0OCU3RA%3D%3D&q=Soul%20food&sc=HOME_FEED_ITEM
75,Spanish,https://www.ubereats.com/gb/search?kn=Spanish&pl=JTdCJTIyYWRkcmVzcyUyMiUzQSUyMlNvdXRoJTIwS2Vuc2luZ3RvbiUyMFVuZGVyZ3JvdW5kJTIwTWV0cm8lMjBTdGF0aW9uJTIyJTJDJTIycmVmZXJlbmNlJTIyJTNBJTIyNDJjZDhjOWUtODZiYy01YmU4LTZlMGEtMjU2YTEyZjFmMzFmJTIyJTJDJTIycmVmZXJlbmNlVHlwZSUyMiUzQSUyMnViZXJfcGxhY2VzJTIyJTJDJTIybGF0aXR1ZGUlMjIlM0E1MS40OTQwODgyJTJDJTIybG9uZ2l0dWRlJTIyJTNBLTAuMTczOTE0OCU3RA%3D%3D&q=Spanish&sc=HOME_FEED_ITEM
76,Thali,https://www.ubereats.com/gb/search?kn=Thali&pl=JTdCJTIyYWRkcmVzcyUyMiUzQSUyMlNvdXRoJTIwS2Vuc2luZ3RvbiUyMFVuZGVyZ3JvdW5kJTIwTWV0cm8lMjBTdGF0aW9uJTIyJTJDJTIycmVmZXJlbmNlJTIyJTNBJTIyNDJjZDhjOWUtODZiYy01YmU4LTZlMGEtMjU2YTEyZjFmMzFmJTIyJTJDJTIycmVmZXJlbmNlVHlwZSUyMiUzQSUyMnViZXJfcGxhY2VzJTIyJTJDJTIybGF0aXR1ZGUlMjIlM0E1MS40OTQwODgyJTJDJTIybG9uZ2l0dWRlJTIyJTNBLTAuMTczOTE0OCU3RA%3D%3D&q=Thali&sc=HOME_FEED_ITEM
77,Convenience,https://www.ubereats.com/gb/search?kn=Convenience&pl=JTdCJTIyYWRkcmVzcyUyMiUzQSUyMlNvdXRoJTIwS2Vuc2luZ3RvbiUyMFVuZGVyZ3JvdW5kJTIwTWV0cm8lMjBTdGF0aW9uJTIyJTJDJTIycmVmZXJlbmNlJTIyJTNBJTIyNDJjZDhjOWUtODZiYy01YmU4LTZlMGEtMjU2YTEyZjFmMzFmJTIyJTJDJTIycmVmZXJlbmNlVHlwZSUyMiUzQSUyMnViZXJfcGxhY2VzJTIyJTJDJTIybGF0aXR1ZGUlMjIlM0E1MS40OTQwODgyJTJDJTIybG9uZ2l0dWRlJTIyJTNBLTAuMTczOTE0OCU3RA%3D%3D&q=Convenience&sc=HOME_FEED_ITEM
78,Latin American,https://www.ubereats.com/gb/search?kn=LatinAmerican&pl=JTdCJTIyYWRkcmVzcyUyMiUzQSUyMlNvdXRoJTIwS2Vuc2luZ3RvbiUyMFVuZGVyZ3JvdW5kJTIwTWV0cm8lMjBTdGF0aW9uJTIyJTJDJTIycmVmZXJlbmNlJTIyJTNBJTIyNDJjZDhjOWUtODZiYy01YmU4LTZlMGEtMjU2YTEyZjFmMzFmJTIyJTJDJTIycmVmZXJlbmNlVHlwZSUyMiUzQSUyMnViZXJfcGxhY2VzJTIyJTJDJTIybGF0aXR1ZGUlMjIlM0E1MS40OTQwODgyJTJDJTIybG9uZ2l0dWRlJTIyJTNBLTAuMTczOTE0OCU3RA%3D%3D&q=Latin%20American&sc=HOME_FEED_ITEM
79,Pastry,https://www.ubereats.com/gb/search?kn=Pastry&pl=JTdCJTIyYWRkcmVzcyUyMiUzQSUyMlNvdXRoJTIwS2Vuc2luZ3RvbiUyMFVuZGVyZ3JvdW5kJTIwTWV0cm8lMjBTdGF0aW9uJTIyJTJDJTIycmVmZXJlbmNlJTIyJTNBJTIyNDJjZDhjOWUtODZiYy01YmU4LTZlMGEtMjU2YTEyZjFmMzFmJTIyJTJDJTIycmVmZXJlbmNlVHlwZSUyMiUzQSUyMnViZXJfcGxhY2VzJTIyJTJDJTIybGF0aXR1ZGUlMjIlM0E1MS40OTQwODgyJTJDJTIybG9uZ2l0dWRlJTIyJTNBLTAuMTczOTE0OCU3RA%3D%3D&q=Pastry&sc=HOME_FEED_ITEM
80,Everyday essentials,https://www.ubereats.com/gb/search?kn=EverydayEssentials&pl=JTdCJTIyYWRkcmVzcyUyMiUzQSUyMlNvdXRoJTIwS2Vuc2luZ3RvbiUyMFVuZGVyZ3JvdW5kJTIwTWV0cm8lMjBTdGF0aW9uJTIyJTJDJTIycmVmZXJlbmNlJTIyJTNBJTIyNDJjZDhjOWUtODZiYy01YmU4LTZlMGEtMjU2YTEyZjFmMzFmJTIyJTJDJTIycmVmZXJlbmNlVHlwZSUyMiUzQSUyMnViZXJfcGxhY2VzJTIyJTJDJTIybGF0aXR1ZGUlMjIlM0E1MS40OTQwODgyJTJDJTIybG9uZ2l0dWRlJTIyJTNBLTAuMTczOTE0OCU3RA%3D%3D&q=Everyday%20essentials&sc=HOME_FEED_ITEM
81,Affordable meals,https://www.ubereats.com/gb/search?kn=AffordableMeals&pl=JTdCJTIyYWRkcmVzcyUyMiUzQSUyMlNvdXRoJTIwS2Vuc2luZ3RvbiUyMFVuZGVyZ3JvdW5kJTIwTWV0cm8lMjBTdGF0aW9uJTIyJTJDJTIycmVmZXJlbmNlJTIyJTNBJTIyNDJjZDhjOWUtODZiYy01YmU4LTZlMGEtMjU2YTEyZjFmMzFmJTIyJTJDJTIycmVmZXJlbmNlVHlwZSUyMiUzQSUyMnViZXJfcGxhY2VzJTIyJTJDJTIybGF0aXR1ZGUlMjIlM0E1MS40OTQwODgyJTJDJTIybG9uZ2l0dWRlJTIyJTNBLTAuMTczOTE0OCU3RA%3D%3D&q=Affordable%20meals&sc=HOME_FEED_ITEM
82,Personal care,https://www.ubereats.com/gb/search?kn=PersonalCare&pl=JTdCJTIyYWRkcmVzcyUyMiUzQSUyMlNvdXRoJTIwS2Vuc2luZ3RvbiUyMFVuZGVyZ3JvdW5kJTIwTWV0cm8lMjBTdGF0aW9uJTIyJTJDJTIycmVmZXJlbmNlJTIyJTNBJTIyNDJjZDhjOWUtODZiYy01YmU4LTZlMGEtMjU2YTEyZjFmMzFmJTIyJTJDJTIycmVmZXJlbmNlVHlwZSUyMiUzQSUyMnViZXJfcGxhY2VzJTIyJTJDJTIybGF0aXR1ZGUlMjIlM0E1MS40OTQwODgyJTJDJTIybG9uZ2l0dWRlJTIyJTNBLTAuMTczOTE0OCU3RA%3D%3D&q=Personal%20care&sc=HOME_FEED_ITEM
83,Rice bowls,https://www.ubereats.com/gb/search?kn=DonMono&pl=JTdCJTIyYWRkcmVzcyUyMiUzQSUyMlNvdXRoJTIwS2Vuc2luZ3RvbiUyMFVuZGVyZ3JvdW5kJTIwTWV0cm8lMjBTdGF0aW9uJTIyJTJDJTIycmVmZXJlbmNlJTIyJTNBJTIyNDJjZDhjOWUtODZiYy01YmU4LTZlMGEtMjU2YTEyZjFmMzFmJTIyJTJDJTIycmVmZXJlbmNlVHlwZSUyMiUzQSUyMnViZXJfcGxhY2VzJTIyJTJDJTIybGF0aXR1ZGUlMjIlM0E1MS40OTQwODgyJTJDJTIybG9uZ2l0dWRlJTIyJTNBLTAuMTczOTE0OCU3RA%3D%3D&q=Rice%20bowls&sc=HOME_FEED_ITEM
84,Pub,https://www.ubereats.com/gb/search?kn=Pub&pl=JTdCJTIyYWRkcmVzcyUyMiUzQSUyMlNvdXRoJTIwS2Vuc2luZ3RvbiUyMFVuZGVyZ3JvdW5kJTIwTWV0cm8lMjBTdGF0aW9uJTIyJTJDJTIycmVmZXJlbmNlJTIyJTNBJTIyNDJjZDhjOWUtODZiYy01YmU4LTZlMGEtMjU2YTEyZjFmMzFmJTIyJTJDJTIycmVmZXJlbmNlVHlwZSUyMiUzQSUyMnViZXJfcGxhY2VzJTIyJTJDJTIybGF0aXR1ZGUlMjIlM0E1MS40OTQwODgyJTJDJTIybG9uZ2l0dWRlJTIyJTNBLTAuMTczOTE0OCU3RA%3D%3D&q=Pub&sc=HOME_FEED_ITEM
85,Nepalese,https://www.ubereats.com/gb/search?kn=Nepalese&pl=JTdCJTIyYWRkcmVzcyUyMiUzQSUyMlNvdXRoJTIwS2Vuc2luZ3RvbiUyMFVuZGVyZ3JvdW5kJTIwTWV0cm8lMjBTdGF0aW9uJTIyJTJDJTIycmVmZXJlbmNlJTIyJTNBJTIyNDJjZDhjOWUtODZiYy01YmU4LTZlMGEtMjU2YTEyZjFmMzFmJTIyJTJDJTIycmVmZXJlbmNlVHlwZSUyMiUzQSUyMnViZXJfcGxhY2VzJTIyJTJDJTIybGF0aXR1ZGUlMjIlM0E1MS40OTQwODgyJTJDJTIybG9uZ2l0dWRlJTIyJTNBLTAuMTczOTE0OCU3RA%3D%3D&q=Nepalese&sc=HOME_FEED_ITEM
86,Eastern European,https://www.ubereats.com/gb/search?kn=EasternEuropean&pl=JTdCJTIyYWRkcmVzcyUyMiUzQSUyMlNvdXRoJTIwS2Vuc2luZ3RvbiUyMFVuZGVyZ3JvdW5kJTIwTWV0cm8lMjBTdGF0aW9uJTIyJTJDJTIycmVmZXJlbmNlJTIyJTNBJTIyNDJjZDhjOWUtODZiYy01YmU4LTZlMGEtMjU2YTEyZjFmMzFmJTIyJTJDJTIycmVmZXJlbmNlVHlwZSUyMiUzQSUyMnViZXJfcGxhY2VzJTIyJTJDJTIybGF0aXR1ZGUlMjIlM0E1MS40OTQwODgyJTJDJTIybG9uZ2l0dWRlJTIyJTNBLTAuMTczOTE0OCU3RA%3D%3D&q=Eastern%20European&sc=HOME_FEED_ITEM
87,French,https://www.ubereats.com/gb/search?kn=French&pl=JTdCJTIyYWRkcmVzcyUyMiUzQSUyMlNvdXRoJTIwS2Vuc2luZ3RvbiUyMFVuZGVyZ3JvdW5kJTIwTWV0cm8lMjBTdGF0aW9uJTIyJTJDJTIycmVmZXJlbmNlJTIyJTNBJTIyNDJjZDhjOWUtODZiYy01YmU4LTZlMGEtMjU2YTEyZjFmMzFmJTIyJTJDJTIycmVmZXJlbmNlVHlwZSUyMiUzQSUyMnViZXJfcGxhY2VzJTIyJTJDJTIybGF0aXR1ZGUlMjIlM0E1MS40OTQwODgyJTJDJTIybG9uZ2l0dWRlJTIyJTNBLTAuMTczOTE0OCU3RA%3D%3D&q=French&sc=HOME_FEED_ITEM
88,British,https://www.ubereats.com/gb/search?kn=British&pl=JTdCJTIyYWRkcmVzcyUyMiUzQSUyMlNvdXRoJTIwS2Vuc2luZ3RvbiUyMFVuZGVyZ3JvdW5kJTIwTWV0cm8lMjBTdGF0aW9uJTIyJTJDJTIycmVmZXJlbmNlJTIyJTNBJTIyNDJjZDhjOWUtODZiYy01YmU4LTZlMGEtMjU2YTEyZjFmMzFmJTIyJTJDJTIycmVmZXJlbmNlVHlwZSUyMiUzQSUyMnViZXJfcGxhY2VzJTIyJTJDJTIybGF0aXR1ZGUlMjIlM0E1MS40OTQwODgyJTJDJTIybG9uZ2l0dWRlJTIyJTNBLTAuMTczOTE0OCU3RA%3D%3D&q=British&sc=HOME_FEED_ITEM
89,Cantonese,https://www.ubereats.com/gb/search?kn=Cantonese&pl=JTdCJTIyYWRkcmVzcyUyMiUzQSUyMlNvdXRoJTIwS2Vuc2luZ3RvbiUyMFVuZGVyZ3JvdW5kJTIwTWV0cm8lMjBTdGF0aW9uJTIyJTJDJTIycmVmZXJlbmNlJTIyJTNBJTIyNDJjZDhjOWUtODZiYy01YmU4LTZlMGEtMjU2YTEyZjFmMzFmJTIyJTJDJTIycmVmZXJlbmNlVHlwZSUyMiUzQSUyMnViZXJfcGxhY2VzJTIyJTJDJTIybGF0aXR1ZGUlMjIlM0E1MS40OTQwODgyJTJDJTIybG9uZ2l0dWRlJTIyJTNBLTAuMTczOTE0OCU3RA%3D%3D&q=Cantonese&sc=HOME_FEED_ITEM
90,Iranian,https://www.ubereats.com/gb/search?kn=Iranian&pl=JTdCJTIyYWRkcmVzcyUyMiUzQSUyMlNvdXRoJTIwS2Vuc2luZ3RvbiUyMFVuZGVyZ3JvdW5kJTIwTWV0cm8lMjBTdGF0aW9uJTIyJTJDJTIycmVmZXJlbmNlJTIyJTNBJTIyNDJjZDhjOWUtODZiYy01YmU4LTZlMGEtMjU2YTEyZjFmMzFmJTIyJTJDJTIycmVmZXJlbmNlVHlwZSUyMiUzQSUyMnViZXJfcGxhY2VzJTIyJTJDJTIybGF0aXR1ZGUlMjIlM0E1MS40OTQwODgyJTJDJTIybG9uZ2l0dWRlJTIyJTNBLTAuMTczOTE0OCU3RA%3D%3D&q=Iranian&sc=HOME_FEED_ITEM
91,Vegan friendly,https://www.ubereats.com/gb/search?kn=VeganFriendly&pl=JTdCJTIyYWRkcmVzcyUyMiUzQSUyMlNvdXRoJTIwS2Vuc2luZ3RvbiUyMFVuZGVyZ3JvdW5kJTIwTWV0cm8lMjBTdGF0aW9uJTIyJTJDJTIycmVmZXJlbmNlJTIyJTNBJTIyNDJjZDhjOWUtODZiYy01YmU4LTZlMGEtMjU2YTEyZjFmMzFmJTIyJTJDJTIycmVmZXJlbmNlVHlwZSUyMiUzQSUyMnViZXJfcGxhY2VzJTIyJTJDJTIybGF0aXR1ZGUlMjIlM0E1MS40OTQwODgyJTJDJTIybG9uZ2l0dWRlJTIyJTNBLTAuMTczOTE0OCU3RA%3D%3D&q=Vegan%20friendly&sc=HOME_FEED_ITEM
92,Russian,https://www.ubereats.com/gb/search?kn=Russian&pl=JTdCJTIyYWRkcmVzcyUyMiUzQSUyMlNvdXRoJTIwS2Vuc2luZ3RvbiUyMFVuZGVyZ3JvdW5kJTIwTWV0cm8lMjBTdGF0aW9uJTIyJTJDJTIycmVmZXJlbmNlJTIyJTNBJTIyNDJjZDhjOWUtODZiYy01YmU4LTZlMGEtMjU2YTEyZjFmMzFmJTIyJTJDJTIycmVmZXJlbmNlVHlwZSUyMiUzQSUyMnViZXJfcGxhY2VzJTIyJTJDJTIybGF0aXR1ZGUlMjIlM0E1MS40OTQwODgyJTJDJTIybG9uZ2l0dWRlJTIyJTNBLTAuMTczOTE0OCU3RA%3D%3D&q=Russian&sc=HOME_FEED_ITEM
93,Mediterranean,https://www.ubereats.com/gb/search?kn=Mediterranean&pl=JTdCJTIyYWRkcmVzcyUyMiUzQSUyMlNvdXRoJTIwS2Vuc2luZ3RvbiUyMFVuZGVyZ3JvdW5kJTIwTWV0cm8lMjBTdGF0aW9uJTIyJTJDJTIycmVmZXJlbmNlJTIyJTNBJTIyNDJjZDhjOWUtODZiYy01YmU4LTZlMGEtMjU2YTEyZjFmMzFmJTIyJTJDJTIycmVmZXJlbmNlVHlwZSUyMiUzQSUyMnViZXJfcGxhY2VzJTIyJTJDJTIybGF0aXR1ZGUlMjIlM0E1MS40OTQwODgyJTJDJTIybG9uZ2l0dWRlJTIyJTNBLTAuMTczOTE0OCU3RA%3D%3D&q=Mediterranean&sc=HOME_FEED_ITEM
94,Moroccan,https://www.ubereats.com/gb/search?kn=Moroccan&pl=JTdCJTIyYWRkcmVzcyUyMiUzQSUyMlNvdXRoJTIwS2Vuc2luZ3RvbiUyMFVuZGVyZ3JvdW5kJTIwTWV0cm8lMjBTdGF0aW9uJTIyJTJDJTIycmVmZXJlbmNlJTIyJTNBJTIyNDJjZDhjOWUtODZiYy01YmU4LTZlMGEtMjU2YTEyZjFmMzFmJTIyJTJDJTIycmVmZXJlbmNlVHlwZSUyMiUzQSUyMnViZXJfcGxhY2VzJTIyJTJDJTIybGF0aXR1ZGUlMjIlM0E1MS40OTQwODgyJTJDJTIybG9uZ2l0dWRlJTIyJTNBLTAuMTczOTE0OCU3RA%3D%3D&q=Moroccan&sc=HOME_FEED_ITEM
95,Alcohol,https://www.ubereats.com/gb/search?kn=Alcohol&pl=JTdCJTIyYWRkcmVzcyUyMiUzQSUyMlNvdXRoJTIwS2Vuc2luZ3RvbiUyMFVuZGVyZ3JvdW5kJTIwTWV0cm8lMjBTdGF0aW9uJTIyJTJDJTIycmVmZXJlbmNlJTIyJTNBJTIyNDJjZDhjOWUtODZiYy01YmU4LTZlMGEtMjU2YTEyZjFmMzFmJTIyJTJDJTIycmVmZXJlbmNlVHlwZSUyMiUzQSUyMnViZXJfcGxhY2VzJTIyJTJDJTIybGF0aXR1ZGUlMjIlM0E1MS40OTQwODgyJTJDJTIybG9uZ2l0dWRlJTIyJTNBLTAuMTczOTE0OCU3RA%3D%3D&q=Alcohol&sc=HOME_FEED_ITEM
96,Speciality foods,https://www.ubereats.com/gb/search?kn=SpecialtyFoods&pl=JTdCJTIyYWRkcmVzcyUyMiUzQSUyMlNvdXRoJTIwS2Vuc2luZ3RvbiUyMFVuZGVyZ3JvdW5kJTIwTWV0cm8lMjBTdGF0aW9uJTIyJTJDJTIycmVmZXJlbmNlJTIyJTNBJTIyNDJjZDhjOWUtODZiYy01YmU4LTZlMGEtMjU2YTEyZjFmMzFmJTIyJTJDJTIycmVmZXJlbmNlVHlwZSUyMiUzQSUyMnViZXJfcGxhY2VzJTIyJTJDJTIybGF0aXR1ZGUlMjIlM0E1MS40OTQwODgyJTJDJTIybG9uZ2l0dWRlJTIyJTNBLTAuMTczOTE0OCU3RA%3D%3D&q=Speciality%20foods&sc=HOME_FEED_ITEM
97,Pure veg,https://www.ubereats.com/gb/search?kn=PureVeg&pl=JTdCJTIyYWRkcmVzcyUyMiUzQSUyMlNvdXRoJTIwS2Vuc2luZ3RvbiUyMFVuZGVyZ3JvdW5kJTIwTWV0cm8lMjBTdGF0aW9uJTIyJTJDJTIycmVmZXJlbmNlJTIyJTNBJTIyNDJjZDhjOWUtODZiYy01YmU4LTZlMGEtMjU2YTEyZjFmMzFmJTIyJTJDJTIycmVmZXJlbmNlVHlwZSUyMiUzQSUyMnViZXJfcGxhY2VzJTIyJTJDJTIybGF0aXR1ZGUlMjIlM0E1MS40OTQwODgyJTJDJTIybG9uZ2l0dWRlJTIyJTNBLTAuMTczOTE0OCU3RA%3D%3D&q=Pure%20veg&sc=HOME_FEED_ITEM
98,Taiwanese,https://www.ubereats.com/gb/search?kn=Taiwanese&pl=JTdCJTIyYWRkcmVzcyUyMiUzQSUyMlNvdXRoJTIwS2Vuc2luZ3RvbiUyMFVuZGVyZ3JvdW5kJTIwTWV0cm8lMjBTdGF0aW9uJTIyJTJDJTIycmVmZXJlbmNlJTIyJTNBJTIyNDJjZDhjOWUtODZiYy01YmU4LTZlMGEtMjU2YTEyZjFmMzFmJTIyJTJDJTIycmVmZXJlbmNlVHlwZSUyMiUzQSUyMnViZXJfcGxhY2VzJTIyJTJDJTIybGF0aXR1ZGUlMjIlM0E1MS40OTQwODgyJTJDJTIybG9uZ2l0dWRlJTIyJTNBLTAuMTczOTE0OCU3RA%3D%3D&q=Taiwanese&sc=HOME_FEED_ITEM
99,European,https://www.ubereats.com/gb/search?kn=European&pl=JTdCJTIyYWRkcmVzcyUyMiUzQSUyMlNvdXRoJTIwS2Vuc2luZ3RvbiUyMFVuZGVyZ3JvdW5kJTIwTWV0cm8lMjBTdGF0aW9uJTIyJTJDJTIycmVmZXJlbmNlJTIyJTNBJTIyNDJjZDhjOWUtODZiYy01YmU4LTZlMGEtMjU2YTEyZjFmMzFmJTIyJTJDJTIycmVmZXJlbmNlVHlwZSUyMiUzQSUyMnViZXJfcGxhY2VzJTIyJTJDJTIybGF0aXR1ZGUlMjIlM0E1MS40OTQwODgyJTJDJTIybG9uZ2l0dWRlJTIyJTNBLTAuMTczOTE0OCU3RA%3D%3D&q=European&sc=HOME_FEED_ITEM
100,Yogurt,https://www.ubereats.com/gb/search?kn=Yogurt&pl=JTdCJTIyYWRkcmVzcyUyMiUzQSUyMlNvdXRoJTIwS2Vuc2luZ3RvbiUyMFVuZGVyZ3JvdW5kJTIwTWV0cm8lMjBTdGF0aW9uJTIyJTJDJTIycmVmZXJlbmNlJTIyJTNBJTIyNDJjZDhjOWUtODZiYy01YmU4LTZlMGEtMjU2YTEyZjFmMzFmJTIyJTJDJTIycmVmZXJlbmNlVHlwZSUyMiUzQSUyMnViZXJfcGxhY2VzJTIyJTJDJTIybGF0aXR1ZGUlMjIlM0E1MS40OTQwODgyJTJDJTIybG9uZ2l0dWRlJTIyJTNBLTAuMTczOTE0OCU3RA%3D%3D&q=Yogurt&sc=HOME_FEED_ITEM
101,English,https://www.ubereats.com/gb/search?kn=English&pl=JTdCJTIyYWRkcmVzcyUyMiUzQSUyMlNvdXRoJTIwS2Vuc2luZ3RvbiUyMFVuZGVyZ3JvdW5kJTIwTWV0cm8lMjBTdGF0aW9uJTIyJTJDJTIycmVmZXJlbmNlJTIyJTNBJTIyNDJjZDhjOWUtODZiYy01YmU4LTZlMGEtMjU2YTEyZjFmMzFmJTIyJTJDJTIycmVmZXJlbmNlVHlwZSUyMiUzQSUyMnViZXJfcGxhY2VzJTIyJTJDJTIybGF0aXR1ZGUlMjIlM0E1MS40OTQwODgyJTJDJTIybG9uZ2l0dWRlJTIyJTNBLTAuMTczOTE0OCU3RA%3D%3D&q=English&sc=HOME_FEED_ITEM
102,West African,https://www.ubereats.com/gb/search?kn=WestAfrican&pl=JTdCJTIyYWRkcmVzcyUyMiUzQSUyMlNvdXRoJTIwS2Vuc2luZ3RvbiUyMFVuZGVyZ3JvdW5kJTIwTWV0cm8lMjBTdGF0aW9uJTIyJTJDJTIycmVmZXJlbmNlJTIyJTNBJTIyNDJjZDhjOWUtODZiYy01YmU4LTZlMGEtMjU2YTEyZjFmMzFmJTIyJTJDJTIycmVmZXJlbmNlVHlwZSUyMiUzQSUyMnViZXJfcGxhY2VzJTIyJTJDJTIybGF0aXR1ZGUlMjIlM0E1MS40OTQwODgyJTJDJTIybG9uZ2l0dWRlJTIyJTNBLTAuMTczOTE0OCU3RA%3D%3D&q=West%20African&sc=HOME_FEED_ITEM
103,Georgian,https://www.ubereats.com/gb/search?kn=Georgian&pl=JTdCJTIyYWRkcmVzcyUyMiUzQSUyMlNvdXRoJTIwS2Vuc2luZ3RvbiUyMFVuZGVyZ3JvdW5kJTIwTWV0cm8lMjBTdGF0aW9uJTIyJTJDJTIycmVmZXJlbmNlJTIyJTNBJTIyNDJjZDhjOWUtODZiYy01YmU4LTZlMGEtMjU2YTEyZjFmMzFmJTIyJTJDJTIycmVmZXJlbmNlVHlwZSUyMiUzQSUyMnViZXJfcGxhY2VzJTIyJTJDJTIybGF0aXR1ZGUlMjIlM0E1MS40OTQwODgyJTJDJTIybG9uZ2l0dWRlJTIyJTNBLTAuMTczOTE0OCU3RA%3D%3D&q=Georgian&sc=HOME_FEED_ITEM
104,Gourmet,https://www.ubereats.com/gb/search?kn=Gourmet&pl=JTdCJTIyYWRkcmVzcyUyMiUzQSUyMlNvdXRoJTIwS2Vuc2luZ3RvbiUyMFVuZGVyZ3JvdW5kJTIwTWV0cm8lMjBTdGF0aW9uJTIyJTJDJTIycmVmZXJlbmNlJTIyJTNBJTIyNDJjZDhjOWUtODZiYy01YmU4LTZlMGEtMjU2YTEyZjFmMzFmJTIyJTJDJTIycmVmZXJlbmNlVHlwZSUyMiUzQSUyMnViZXJfcGxhY2VzJTIyJTJDJTIybGF0aXR1ZGUlMjIlM0E1MS40OTQwODgyJTJDJTIybG9uZ2l0dWRlJTIyJTNBLTAuMTczOTE0OCU3RA%3D%3D&q=Gourmet&sc=HOME_FEED_ITEM
105,Rolls,https://www.ubereats.com/gb/search?kn=Rolls&pl=JTdCJTIyYWRkcmVzcyUyMiUzQSUyMlNvdXRoJTIwS2Vuc2luZ3RvbiUyMFVuZGVyZ3JvdW5kJTIwTWV0cm8lMjBTdGF0aW9uJTIyJTJDJTIycmVmZXJlbmNlJTIyJTNBJTIyNDJjZDhjOWUtODZiYy01YmU4LTZlMGEtMjU2YTEyZjFmMzFmJTIyJTJDJTIycmVmZXJlbmNlVHlwZSUyMiUzQSUyMnViZXJfcGxhY2VzJTIyJTJDJTIybGF0aXR1ZGUlMjIlM0E1MS40OTQwODgyJTJDJTIybG9uZ2l0dWRlJTIyJTNBLTAuMTczOTE0OCU3RA%3D%3D&q=Rolls&sc=HOME_FEED_ITEM
106,Family meals,https://www.ubereats.com/gb/search?kn=FamilyMeals&pl=JTdCJTIyYWRkcmVzcyUyMiUzQSUyMlNvdXRoJTIwS2Vuc2luZ3RvbiUyMFVuZGVyZ3JvdW5kJTIwTWV0cm8lMjBTdGF0aW9uJTIyJTJDJTIycmVmZXJlbmNlJTIyJTNBJTIyNDJjZDhjOWUtODZiYy01YmU4LTZlMGEtMjU2YTEyZjFmMzFmJTIyJTJDJTIycmVmZXJlbmNlVHlwZSUyMiUzQSUyMnViZXJfcGxhY2VzJTIyJTJDJTIybGF0aXR1ZGUlMjIlM0E1MS40OTQwODgyJTJDJTIybG9uZ2l0dWRlJTIyJTNBLTAuMTczOTE0OCU3RA%3D%3D&q=Family%20meals&sc=HOME_FEED_ITEM
107,Argentinian,https://www.ubereats.com/gb/search?kn=Argentinian&pl=JTdCJTIyYWRkcmVzcyUyMiUzQSUyMlNvdXRoJTIwS2Vuc2luZ3RvbiUyMFVuZGVyZ3JvdW5kJTIwTWV0cm8lMjBTdGF0aW9uJTIyJTJDJTIycmVmZXJlbmNlJTIyJTNBJTIyNDJjZDhjOWUtODZiYy01YmU4LTZlMGEtMjU2YTEyZjFmMzFmJTIyJTJDJTIycmVmZXJlbmNlVHlwZSUyMiUzQSUyMnViZXJfcGxhY2VzJTIyJTJDJTIybGF0aXR1ZGUlMjIlM0E1MS40OTQwODgyJTJDJTIybG9uZ2l0dWRlJTIyJTNBLTAuMTczOTE0OCU3RA%3D%3D&q=Argentinian&sc=HOME_FEED_ITEM
108,West Indian,https://www.ubereats.com/gb/search?kn=WestIndian&pl=JTdCJTIyYWRkcmVzcyUyMiUzQSUyMlNvdXRoJTIwS2Vuc2luZ3RvbiUyMFVuZGVyZ3JvdW5kJTIwTWV0cm8lMjBTdGF0aW9uJTIyJTJDJTIycmVmZXJlbmNlJTIyJTNBJTIyNDJjZDhjOWUtODZiYy01YmU4LTZlMGEtMjU2YTEyZjFmMzFmJTIyJTJDJTIycmVmZXJlbmNlVHlwZSUyMiUzQSUyMnViZXJfcGxhY2VzJTIyJTJDJTIybGF0aXR1ZGUlMjIlM0E1MS40OTQwODgyJTJDJTIybG9uZ2l0dWRlJTIyJTNBLTAuMTczOTE0OCU3RA%3D%3D&q=West%20Indian&sc=HOME_FEED_ITEM
109,Japanese BBQ,https://www.ubereats.com/gb/search?kn=Yakiniku&pl=JTdCJTIyYWRkcmVzcyUyMiUzQSUyMlNvdXRoJTIwS2Vuc2luZ3RvbiUyMFVuZGVyZ3JvdW5kJTIwTWV0cm8lMjBTdGF0aW9uJTIyJTJDJTIycmVmZXJlbmNlJTIyJTNBJTIyNDJjZDhjOWUtODZiYy01YmU4LTZlMGEtMjU2YTEyZjFmMzFmJTIyJTJDJTIycmVmZXJlbmNlVHlwZSUyMiUzQSUyMnViZXJfcGxhY2VzJTIyJTJDJTIybGF0aXR1ZGUlMjIlM0E1MS40OTQwODgyJTJDJTIybG9uZ2l0dWRlJTIyJTNBLTAuMTczOTE0OCU3RA%3D%3D&q=Japanese%20BBQ&sc=HOME_FEED_ITEM
110,Singaporean,https://www.ubereats.com/gb/search?kn=Singaporean&pl=JTdCJTIyYWRkcmVzcyUyMiUzQSUyMlNvdXRoJTIwS2Vuc2luZ3RvbiUyMFVuZGVyZ3JvdW5kJTIwTWV0cm8lMjBTdGF0aW9uJTIyJTJDJTIycmVmZXJlbmNlJTIyJTNBJTIyNDJjZDhjOWUtODZiYy01YmU4LTZlMGEtMjU2YTEyZjFmMzFmJTIyJTJDJTIycmVmZXJlbmNlVHlwZSUyMiUzQSUyMnViZXJfcGxhY2VzJTIyJTJDJTIybGF0aXR1ZGUlMjIlM0E1MS40OTQwODgyJTJDJTIybG9uZ2l0dWRlJTIyJTNBLTAuMTczOTE0OCU3RA%3D%3D&q=Singaporean&sc=HOME_FEED_ITEM
111,Arabian,https://www.ubereats.com/gb/search?kn=Arabian&pl=JTdCJTIyYWRkcmVzcyUyMiUzQSUyMlNvdXRoJTIwS2Vuc2luZ3RvbiUyMFVuZGVyZ3JvdW5kJTIwTWV0cm8lMjBTdGF0aW9uJTIyJTJDJTIycmVmZXJlbmNlJTIyJTNBJTIyNDJjZDhjOWUtODZiYy01YmU4LTZlMGEtMjU2YTEyZjFmMzFmJTIyJTJDJTIycmVmZXJlbmNlVHlwZSUyMiUzQSUyMnViZXJfcGxhY2VzJTIyJTJDJTIybGF0aXR1ZGUlMjIlM0E1MS40OTQwODgyJTJDJTIybG9uZ2l0dWRlJTIyJTNBLTAuMTczOTE0OCU3RA%3D%3D&q=Arabian&sc=HOME_FEED_ITEM
112,North Indian,https://www.ubereats.com/gb/search?kn=NorthIndian&pl=JTdCJTIyYWRkcmVzcyUyMiUzQSUyMlNvdXRoJTIwS2Vuc2luZ3RvbiUyMFVuZGVyZ3JvdW5kJTIwTWV0cm8lMjBTdGF0aW9uJTIyJTJDJTIycmVmZXJlbmNlJTIyJTNBJTIyNDJjZDhjOWUtODZiYy01YmU4LTZlMGEtMjU2YTEyZjFmMzFmJTIyJTJDJTIycmVmZXJlbmNlVHlwZSUyMiUzQSUyMnViZXJfcGxhY2VzJTIyJTJDJTIybGF0aXR1ZGUlMjIlM0E1MS40OTQwODgyJTJDJTIybG9uZ2l0dWRlJTIyJTNBLTAuMTczOTE0OCU3RA%3D%3D&q=North%20Indian&sc=HOME_FEED_ITEM
113,Bar food,https://www.ubereats.com/gb/search?kn=BarFood&pl=JTdCJTIyYWRkcmVzcyUyMiUzQSUyMlNvdXRoJTIwS2Vuc2luZ3RvbiUyMFVuZGVyZ3JvdW5kJTIwTWV0cm8lMjBTdGF0aW9uJTIyJTJDJTIycmVmZXJlbmNlJTIyJTNBJTIyNDJjZDhjOWUtODZiYy01YmU4LTZlMGEtMjU2YTEyZjFmMzFmJTIyJTJDJTIycmVmZXJlbmNlVHlwZSUyMiUzQSUyMnViZXJfcGxhY2VzJTIyJTJDJTIybGF0aXR1ZGUlMjIlM0E1MS40OTQwODgyJTJDJTIybG9uZ2l0dWRlJTIyJTNBLTAuMTczOTE0OCU3RA%3D%3D&q=Bar%20food&sc=HOME_FEED_ITEM
114,Hawaiian,https://www.ubereats.com/gb/search?kn=Hawaiian&pl=JTdCJTIyYWRkcmVzcyUyMiUzQSUyMlNvdXRoJTIwS2Vuc2luZ3RvbiUyMFVuZGVyZ3JvdW5kJTIwTWV0cm8lMjBTdGF0aW9uJTIyJTJDJTIycmVmZXJlbmNlJTIyJTNBJTIyNDJjZDhjOWUtODZiYy01YmU4LTZlMGEtMjU2YTEyZjFmMzFmJTIyJTJDJTIycmVmZXJlbmNlVHlwZSUyMiUzQSUyMnViZXJfcGxhY2VzJTIyJTJDJTIybGF0aXR1ZGUlMjIlM0E1MS40OTQwODgyJTJDJTIybG9uZ2l0dWRlJTIyJTNBLTAuMTczOTE0OCU3RA%3D%3D&q=Hawaiian&sc=HOME_FEED_ITEM
115,Asian fusion,https://www.ubereats.com/gb/search?kn=AsianFusion&pl=JTdCJTIyYWRkcmVzcyUyMiUzQSUyMlNvdXRoJTIwS2Vuc2luZ3RvbiUyMFVuZGVyZ3JvdW5kJTIwTWV0cm8lMjBTdGF0aW9uJTIyJTJDJTIycmVmZXJlbmNlJTIyJTNBJTIyNDJjZDhjOWUtODZiYy01YmU4LTZlMGEtMjU2YTEyZjFmMzFmJTIyJTJDJTIycmVmZXJlbmNlVHlwZSUyMiUzQSUyMnViZXJfcGxhY2VzJTIyJTJDJTIybGF0aXR1ZGUlMjIlM0E1MS40OTQwODgyJTJDJTIybG9uZ2l0dWRlJTIyJTNBLTAuMTczOTE0OCU3RA%3D%3D&q=Asian%20fusion&sc=HOME_FEED_ITEM
116,Venezuelan,https://www.ubereats.com/gb/search?kn=Venezuelan&pl=JTdCJTIyYWRkcmVzcyUyMiUzQSUyMlNvdXRoJTIwS2Vuc2luZ3RvbiUyMFVuZGVyZ3JvdW5kJTIwTWV0cm8lMjBTdGF0aW9uJTIyJTJDJTIycmVmZXJlbmNlJTIyJTNBJTIyNDJjZDhjOWUtODZiYy01YmU4LTZlMGEtMjU2YTEyZjFmMzFmJTIyJTJDJTIycmVmZXJlbmNlVHlwZSUyMiUzQSUyMnViZXJfcGxhY2VzJTIyJTJDJTIybGF0aXR1ZGUlMjIlM0E1MS40OTQwODgyJTJDJTIybG9uZ2l0dWRlJTIyJTNBLTAuMTczOTE0OCU3RA%3D%3D&q=Venezuelan&sc=HOME_FEED_ITEM
117,South American,https://www.ubereats.com/gb/search?kn=SouthAmerican&pl=JTdCJTIyYWRkcmVzcyUyMiUzQSUyMlNvdXRoJTIwS2Vuc2luZ3RvbiUyMFVuZGVyZ3JvdW5kJTIwTWV0cm8lMjBTdGF0aW9uJTIyJTJDJTIycmVmZXJlbmNlJTIyJTNBJTIyNDJjZDhjOWUtODZiYy01YmU4LTZlMGEtMjU2YTEyZjFmMzFmJTIyJTJDJTIycmVmZXJlbmNlVHlwZSUyMiUzQSUyMnViZXJfcGxhY2VzJTIyJTJDJTIybGF0aXR1ZGUlMjIlM0E1MS40OTQwODgyJTJDJTIybG9uZ2l0dWRlJTIyJTNBLTAuMTczOTE0OCU3RA%3D%3D&q=South%20American&sc=HOME_FEED_ITEM
118,Juice   Smoothies,https://www.ubereats.com/gb/search?kn=JuiceAndSmoothies&pl=JTdCJTIyYWRkcmVzcyUyMiUzQSUyMlNvdXRoJTIwS2Vuc2luZ3RvbiUyMFVuZGVyZ3JvdW5kJTIwTWV0cm8lMjBTdGF0aW9uJTIyJTJDJTIycmVmZXJlbmNlJTIyJTNBJTIyNDJjZDhjOWUtODZiYy01YmU4LTZlMGEtMjU2YTEyZjFmMzFmJTIyJTJDJTIycmVmZXJlbmNlVHlwZSUyMiUzQSUyMnViZXJfcGxhY2VzJTIyJTJDJTIybGF0aXR1ZGUlMjIlM0E1MS40OTQwODgyJTJDJTIybG9uZ2l0dWRlJTIyJTNBLTAuMTczOTE0OCU3RA%3D%3D&q=Juice%20%26%20Smoothies&sc=HOME_FEED_ITEM
119,New American,https://www.ubereats.com/gb/search?kn=NewAmerican&pl=JTdCJTIyYWRkcmVzcyUyMiUzQSUyMlNvdXRoJTIwS2Vuc2luZ3RvbiUyMFVuZGVyZ3JvdW5kJTIwTWV0cm8lMjBTdGF0aW9uJTIyJTJDJTIycmVmZXJlbmNlJTIyJTNBJTIyNDJjZDhjOWUtODZiYy01YmU4LTZlMGEtMjU2YTEyZjFmMzFmJTIyJTJDJTIycmVmZXJlbmNlVHlwZSUyMiUzQSUyMnViZXJfcGxhY2VzJTIyJTJDJTIybGF0aXR1ZGUlMjIlM0E1MS40OTQwODgyJTJDJTIybG9uZ2l0dWRlJTIyJTNBLTAuMTczOTE0OCU3RA%3D%3D&q=New%20American&sc=HOME_FEED_ITEM
120,New Mexican,https://www.ubereats.com/gb/search?kn=NewMexican&pl=JTdCJTIyYWRkcmVzcyUyMiUzQSUyMlNvdXRoJTIwS2Vuc2luZ3RvbiUyMFVuZGVyZ3JvdW5kJTIwTWV0cm8lMjBTdGF0aW9uJTIyJTJDJTIycmVmZXJlbmNlJTIyJTNBJTIyNDJjZDhjOWUtODZiYy01YmU4LTZlMGEtMjU2YTEyZjFmMzFmJTIyJTJDJTIycmVmZXJlbmNlVHlwZSUyMiUzQSUyMnViZXJfcGxhY2VzJTIyJTJDJTIybGF0aXR1ZGUlMjIlM0E1MS40OTQwODgyJTJDJTIybG9uZ2l0dWRlJTIyJTNBLTAuMTczOTE0OCU3RA%3D%3D&q=New%20Mexican&sc=HOME_FEED_ITEM
121,Egyptian,https://www.ubereats.com/gb/search?kn=Egyptian&pl=JTdCJTIyYWRkcmVzcyUyMiUzQSUyMlNvdXRoJTIwS2Vuc2luZ3RvbiUyMFVuZGVyZ3JvdW5kJTIwTWV0cm8lMjBTdGF0aW9uJTIyJTJDJTIycmVmZXJlbmNlJTIyJTNBJTIyNDJjZDhjOWUtODZiYy01YmU4LTZlMGEtMjU2YTEyZjFmMzFmJTIyJTJDJTIycmVmZXJlbmNlVHlwZSUyMiUzQSUyMnViZXJfcGxhY2VzJTIyJTJDJTIybGF0aXR1ZGUlMjIlM0E1MS40OTQwODgyJTJDJTIybG9uZ2l0dWRlJTIyJTNBLTAuMTczOTE0OCU3RA%3D%3D&q=Egyptian&sc=HOME_FEED_ITEM
122,Steak   cheese sandwich,https://www.ubereats.com/gb/search?kn=Cheesesteak&pl=JTdCJTIyYWRkcmVzcyUyMiUzQSUyMlNvdXRoJTIwS2Vuc2luZ3RvbiUyMFVuZGVyZ3JvdW5kJTIwTWV0cm8lMjBTdGF0aW9uJTIyJTJDJTIycmVmZXJlbmNlJTIyJTNBJTIyNDJjZDhjOWUtODZiYy01YmU4LTZlMGEtMjU2YTEyZjFmMzFmJTIyJTJDJTIycmVmZXJlbmNlVHlwZSUyMiUzQSUyMnViZXJfcGxhY2VzJTIyJTJDJTIybGF0aXR1ZGUlMjIlM0E1MS40OTQwODgyJTJDJTIybG9uZ2l0dWRlJTIyJTNBLTAuMTczOTE0OCU3RA%3D%3D&q=Steak%20%26%20cheese%20sandwich&sc=HOME_FEED_ITEM
123,Peruvian,https://www.ubereats.com/gb/search?kn=Peruvian&pl=JTdCJTIyYWRkcmVzcyUyMiUzQSUyMlNvdXRoJTIwS2Vuc2luZ3RvbiUyMFVuZGVyZ3JvdW5kJTIwTWV0cm8lMjBTdGF0aW9uJTIyJTJDJTIycmVmZXJlbmNlJTIyJTNBJTIyNDJjZDhjOWUtODZiYy01YmU4LTZlMGEtMjU2YTEyZjFmMzFmJTIyJTJDJTIycmVmZXJlbmNlVHlwZSUyMiUzQSUyMnViZXJfcGxhY2VzJTIyJTJDJTIybGF0aXR1ZGUlMjIlM0E1MS40OTQwODgyJTJDJTIybG9uZ2l0dWRlJTIyJTNBLTAuMTczOTE0OCU3RA%3D%3D&q=Peruvian&sc=HOME_FEED_ITEM
124,South Asian,https://www.ubereats.com/gb/search?kn=SouthAsian&pl=JTdCJTIyYWRkcmVzcyUyMiUzQSUyMlNvdXRoJTIwS2Vuc2luZ3RvbiUyMFVuZGVyZ3JvdW5kJTIwTWV0cm8lMjBTdGF0aW9uJTIyJTJDJTIycmVmZXJlbmNlJTIyJTNBJTIyNDJjZDhjOWUtODZiYy01YmU4LTZlMGEtMjU2YTEyZjFmMzFmJTIyJTJDJTIycmVmZXJlbmNlVHlwZSUyMiUzQSUyMnViZXJfcGxhY2VzJTIyJTJDJTIybGF0aXR1ZGUlMjIlM0E1MS40OTQwODgyJTJDJTIybG9uZ2l0dWRlJTIyJTNBLTAuMTczOTE0OCU3RA%3D%3D&q=South%20Asian&sc=HOME_FEED_ITEM
125,Hungarian,https://www.ubereats.com/gb/search?kn=Hungarian&pl=JTdCJTIyYWRkcmVzcyUyMiUzQSUyMlNvdXRoJTIwS2Vuc2luZ3RvbiUyMFVuZGVyZ3JvdW5kJTIwTWV0cm8lMjBTdGF0aW9uJTIyJTJDJTIycmVmZXJlbmNlJTIyJTNBJTIyNDJjZDhjOWUtODZiYy01YmU4LTZlMGEtMjU2YTEyZjFmMzFmJTIyJTJDJTIycmVmZXJlbmNlVHlwZSUyMiUzQSUyMnViZXJfcGxhY2VzJTIyJTJDJTIybGF0aXR1ZGUlMjIlM0E1MS40OTQwODgyJTJDJTIybG9uZ2l0dWRlJTIyJTNBLTAuMTczOTE0OCU3RA%3D%3D&q=Hungarian&sc=HOME_FEED_ITEM
126,Bulgarian,https://www.ubereats.com/gb/search?kn=Bulgarian&pl=JTdCJTIyYWRkcmVzcyUyMiUzQSUyMlNvdXRoJTIwS2Vuc2luZ3RvbiUyMFVuZGVyZ3JvdW5kJTIwTWV0cm8lMjBTdGF0aW9uJTIyJTJDJTIycmVmZXJlbmNlJTIyJTNBJTIyNDJjZDhjOWUtODZiYy01YmU4LTZlMGEtMjU2YTEyZjFmMzFmJTIyJTJDJTIycmVmZXJlbmNlVHlwZSUyMiUzQSUyMnViZXJfcGxhY2VzJTIyJTJDJTIybGF0aXR1ZGUlMjIlM0E1MS40OTQwODgyJTJDJTIybG9uZ2l0dWRlJTIyJTNBLTAuMTczOTE0OCU3RA%3D%3D&q=Bulgarian&sc=HOME_FEED_ITEM
127,Vegetarian friendly,https://www.ubereats.com/gb/search?kn=VegetarianFriendly&pl=JTdCJTIyYWRkcmVzcyUyMiUzQSUyMlNvdXRoJTIwS2Vuc2luZ3RvbiUyMFVuZGVyZ3JvdW5kJTIwTWV0cm8lMjBTdGF0aW9uJTIyJTJDJTIycmVmZXJlbmNlJTIyJTNBJTIyNDJjZDhjOWUtODZiYy01YmU4LTZlMGEtMjU2YTEyZjFmMzFmJTIyJTJDJTIycmVmZXJlbmNlVHlwZSUyMiUzQSUyMnViZXJfcGxhY2VzJTIyJTJDJTIybGF0aXR1ZGUlMjIlM0E1MS40OTQwODgyJTJDJTIybG9uZ2l0dWRlJTIyJTNBLTAuMTczOTE0OCU3RA%3D%3D&q=Vegetarian%20friendly&sc=HOME_FEED_ITEM
128,Southern,https://www.ubereats.com/gb/search?kn=Southern&pl=JTdCJTIyYWRkcmVzcyUyMiUzQSUyMlNvdXRoJTIwS2Vuc2luZ3RvbiUyMFVuZGVyZ3JvdW5kJTIwTWV0cm8lMjBTdGF0aW9uJTIyJTJDJTIycmVmZXJlbmNlJTIyJTNBJTIyNDJjZDhjOWUtODZiYy01YmU4LTZlMGEtMjU2YTEyZjFmMzFmJTIyJTJDJTIycmVmZXJlbmNlVHlwZSUyMiUzQSUyMnViZXJfcGxhY2VzJTIyJTJDJTIybGF0aXR1ZGUlMjIlM0E1MS40OTQwODgyJTJDJTIybG9uZ2l0dWRlJTIyJTNBLTAuMTczOTE0OCU3RA%3D%3D&q=Southern&sc=HOME_FEED_ITEM
129,Western food %28Japanese style%29,https://www.ubereats.com/gb/search?kn=Yoshoku&pl=JTdCJTIyYWRkcmVzcyUyMiUzQSUyMlNvdXRoJTIwS2Vuc2luZ3RvbiUyMFVuZGVyZ3JvdW5kJTIwTWV0cm8lMjBTdGF0aW9uJTIyJTJDJTIycmVmZXJlbmNlJTIyJTNBJTIyNDJjZDhjOWUtODZiYy01YmU4LTZlMGEtMjU2YTEyZjFmMzFmJTIyJTJDJTIycmVmZXJlbmNlVHlwZSUyMiUzQSUyMnViZXJfcGxhY2VzJTIyJTJDJTIybGF0aXR1ZGUlMjIlM0E1MS40OTQwODgyJTJDJTIybG9uZ2l0dWRlJTIyJTNBLTAuMTczOTE0OCU3RA%3D%3D&q=Western%20food%20%28Japanese%20style%29&sc=HOME_FEED_ITEM
130,Israeli,https://www.ubereats.com/gb/search?kn=Israeli&pl=JTdCJTIyYWRkcmVzcyUyMiUzQSUyMlNvdXRoJTIwS2Vuc2luZ3RvbiUyMFVuZGVyZ3JvdW5kJTIwTWV0cm8lMjBTdGF0aW9uJTIyJTJDJTIycmVmZXJlbmNlJTIyJTNBJTIyNDJjZDhjOWUtODZiYy01YmU4LTZlMGEtMjU2YTEyZjFmMzFmJTIyJTJDJTIycmVmZXJlbmNlVHlwZSUyMiUzQSUyMnViZXJfcGxhY2VzJTIyJTJDJTIybGF0aXR1ZGUlMjIlM0E1MS40OTQwODgyJTJDJTIybG9uZ2l0dWRlJTIyJTNBLTAuMTczOTE0OCU3RA%3D%3D&q=Israeli&sc=HOME_FEED_ITEM
131,Traditional American,https://www.ubereats.com/gb/search?kn=TraditionalAmerican&pl=JTdCJTIyYWRkcmVzcyUyMiUzQSUyMlNvdXRoJTIwS2Vuc2luZ3RvbiUyMFVuZGVyZ3JvdW5kJTIwTWV0cm8lMjBTdGF0aW9uJTIyJTJDJTIycmVmZXJlbmNlJTIyJTNBJTIyNDJjZDhjOWUtODZiYy01YmU4LTZlMGEtMjU2YTEyZjFmMzFmJTIyJTJDJTIycmVmZXJlbmNlVHlwZSUyMiUzQSUyMnViZXJfcGxhY2VzJTIyJTJDJTIybGF0aXR1ZGUlMjIlM0E1MS40OTQwODgyJTJDJTIybG9uZ2l0dWRlJTIyJTNBLTAuMTczOTE0OCU3RA%3D%3D&q=Traditional%20American&sc=HOME_FEED_ITEM
132,Western,https://www.ubereats.com/gb/search?kn=Western&pl=JTdCJTIyYWRkcmVzcyUyMiUzQSUyMlNvdXRoJTIwS2Vuc2luZ3RvbiUyMFVuZGVyZ3JvdW5kJTIwTWV0cm8lMjBTdGF0aW9uJTIyJTJDJTIycmVmZXJlbmNlJTIyJTNBJTIyNDJjZDhjOWUtODZiYy01YmU4LTZlMGEtMjU2YTEyZjFmMzFmJTIyJTJDJTIycmVmZXJlbmNlVHlwZSUyMiUzQSUyMnViZXJfcGxhY2VzJTIyJTJDJTIybGF0aXR1ZGUlMjIlM0E1MS40OTQwODgyJTJDJTIybG9uZ2l0dWRlJTIyJTNBLTAuMTczOTE0OCU3RA%3D%3D&q=Western&sc=HOME_FEED_ITEM
133,Japanese set items %28combos%29,https://www.ubereats.com/gb/search?kn=Teishoku&pl=JTdCJTIyYWRkcmVzcyUyMiUzQSUyMlNvdXRoJTIwS2Vuc2luZ3RvbiUyMFVuZGVyZ3JvdW5kJTIwTWV0cm8lMjBTdGF0aW9uJTIyJTJDJTIycmVmZXJlbmNlJTIyJTNBJTIyNDJjZDhjOWUtODZiYy01YmU4LTZlMGEtMjU2YTEyZjFmMzFmJTIyJTJDJTIycmVmZXJlbmNlVHlwZSUyMiUzQSUyMnViZXJfcGxhY2VzJTIyJTJDJTIybGF0aXR1ZGUlMjIlM0E1MS40OTQwODgyJTJDJTIybG9uZ2l0dWRlJTIyJTNBLTAuMTczOTE0OCU3RA%3D%3D&q=Japanese%20set%20items%20%28combos%29&sc=HOME_FEED_ITEM
134,Premium,https://www.ubereats.com/gb/search?kn=Premium&pl=JTdCJTIyYWRkcmVzcyUyMiUzQSUyMlNvdXRoJTIwS2Vuc2luZ3RvbiUyMFVuZGVyZ3JvdW5kJTIwTWV0cm8lMjBTdGF0aW9uJTIyJTJDJTIycmVmZXJlbmNlJTIyJTNBJTIyNDJjZDhjOWUtODZiYy01YmU4LTZlMGEtMjU2YTEyZjFmMzFmJTIyJTJDJTIycmVmZXJlbmNlVHlwZSUyMiUzQSUyMnViZXJfcGxhY2VzJTIyJTJDJTIybGF0aXR1ZGUlMjIlM0E1MS40OTQwODgyJTJDJTIybG9uZ2l0dWRlJTIyJTNBLTAuMTczOTE0OCU3RA%3D%3D&q=Premium&sc=HOME_FEED_ITEM
135,Modern European,https://www.ubereats.com/gb/search?kn=ModernEuropean&pl=JTdCJTIyYWRkcmVzcyUyMiUzQSUyMlNvdXRoJTIwS2Vuc2luZ3RvbiUyMFVuZGVyZ3JvdW5kJTIwTWV0cm8lMjBTdGF0aW9uJTIyJTJDJTIycmVmZXJlbmNlJTIyJTNBJTIyNDJjZDhjOWUtODZiYy01YmU4LTZlMGEtMjU2YTEyZjFmMzFmJTIyJTJDJTIycmVmZXJlbmNlVHlwZSUyMiUzQSUyMnViZXJfcGxhY2VzJTIyJTJDJTIybGF0aXR1ZGUlMjIlM0E1MS40OTQwODgyJTJDJTIybG9uZ2l0dWRlJTIyJTNBLTAuMTczOTE0OCU3RA%3D%3D&q=Modern%20European&sc=HOME_FEED_ITEM
136,Balkan,https://www.ubereats.com/gb/search?kn=Balkan&pl=JTdCJTIyYWRkcmVzcyUyMiUzQSUyMlNvdXRoJTIwS2Vuc2luZ3RvbiUyMFVuZGVyZ3JvdW5kJTIwTWV0cm8lMjBTdGF0aW9uJTIyJTJDJTIycmVmZXJlbmNlJTIyJTNBJTIyNDJjZDhjOWUtODZiYy01YmU4LTZlMGEtMjU2YTEyZjFmMzFmJTIyJTJDJTIycmVmZXJlbmNlVHlwZSUyMiUzQSUyMnViZXJfcGxhY2VzJTIyJTJDJTIybGF0aXR1ZGUlMjIlM0E1MS40OTQwODgyJTJDJTIybG9uZ2l0dWRlJTIyJTNBLTAuMTczOTE0OCU3RA%3D%3D&q=Balkan&sc=HOME_FEED_ITEM
137,Northern Thai,https://www.ubereats.com/gb/search?kn=NorthernThai&pl=JTdCJTIyYWRkcmVzcyUyMiUzQSUyMlNvdXRoJTIwS2Vuc2luZ3RvbiUyMFVuZGVyZ3JvdW5kJTIwTWV0cm8lMjBTdGF0aW9uJTIyJTJDJTIycmVmZXJlbmNlJTIyJTNBJTIyNDJjZDhjOWUtODZiYy01YmU4LTZlMGEtMjU2YTEyZjFmMzFmJTIyJTJDJTIycmVmZXJlbmNlVHlwZSUyMiUzQSUyMnViZXJfcGxhY2VzJTIyJTJDJTIybGF0aXR1ZGUlMjIlM0E1MS40OTQwODgyJTJDJTIybG9uZ2l0dWRlJTIyJTNBLTAuMTczOTE0OCU3RA%3D%3D&q=Northern%20Thai&sc=HOME_FEED_ITEM
138,Diner,https://www.ubereats.com/gb/search?kn=Diner&pl=JTdCJTIyYWRkcmVzcyUyMiUzQSUyMlNvdXRoJTIwS2Vuc2luZ3RvbiUyMFVuZGVyZ3JvdW5kJTIwTWV0cm8lMjBTdGF0aW9uJTIyJTJDJTIycmVmZXJlbmNlJTIyJTNBJTIyNDJjZDhjOWUtODZiYy01YmU4LTZlMGEtMjU2YTEyZjFmMzFmJTIyJTJDJTIycmVmZXJlbmNlVHlwZSUyMiUzQSUyMnViZXJfcGxhY2VzJTIyJTJDJTIybGF0aXR1ZGUlMjIlM0E1MS40OTQwODgyJTJDJTIybG9uZ2l0dWRlJTIyJTNBLTAuMTczOTE0OCU3RA%3D%3D&q=Diner&sc=HOME_FEED_ITEM
139,Tex Mex,https://www.ubereats.com/gb/search?kn=TexMex&pl=JTdCJTIyYWRkcmVzcyUyMiUzQSUyMlNvdXRoJTIwS2Vuc2luZ3RvbiUyMFVuZGVyZ3JvdW5kJTIwTWV0cm8lMjBTdGF0aW9uJTIyJTJDJTIycmVmZXJlbmNlJTIyJTNBJTIyNDJjZDhjOWUtODZiYy01YmU4LTZlMGEtMjU2YTEyZjFmMzFmJTIyJTJDJTIycmVmZXJlbmNlVHlwZSUyMiUzQSUyMnViZXJfcGxhY2VzJTIyJTJDJTIybGF0aXR1ZGUlMjIlM0E1MS40OTQwODgyJTJDJTIybG9uZ2l0dWRlJTIyJTNBLTAuMTczOTE0OCU3RA%3D%3D&q=Tex%20Mex&sc=HOME_FEED_ITEM
140,Uzbek,https://www.ubereats.com/gb/search?kn=Uzbek&pl=JTdCJTIyYWRkcmVzcyUyMiUzQSUyMlNvdXRoJTIwS2Vuc2luZ3RvbiUyMFVuZGVyZ3JvdW5kJTIwTWV0cm8lMjBTdGF0aW9uJTIyJTJDJTIycmVmZXJlbmNlJTIyJTNBJTIyNDJjZDhjOWUtODZiYy01YmU4LTZlMGEtMjU2YTEyZjFmMzFmJTIyJTJDJTIycmVmZXJlbmNlVHlwZSUyMiUzQSUyMnViZXJfcGxhY2VzJTIyJTJDJTIybGF0aXR1ZGUlMjIlM0E1MS40OTQwODgyJTJDJTIybG9uZ2l0dWRlJTIyJTNBLTAuMTczOTE0OCU3RA%3D%3D&q=Uzbek&sc=HOME_FEED_ITEM
141,Dutch,https://www.ubereats.com/gb/search?kn=Dutch&pl=JTdCJTIyYWRkcmVzcyUyMiUzQSUyMlNvdXRoJTIwS2Vuc2luZ3RvbiUyMFVuZGVyZ3JvdW5kJTIwTWV0cm8lMjBTdGF0aW9uJTIyJTJDJTIycmVmZXJlbmNlJTIyJTNBJTIyNDJjZDhjOWUtODZiYy01YmU4LTZlMGEtMjU2YTEyZjFmMzFmJTIyJTJDJTIycmVmZXJlbmNlVHlwZSUyMiUzQSUyMnViZXJfcGxhY2VzJTIyJTJDJTIybGF0aXR1ZGUlMjIlM0E1MS40OTQwODgyJTJDJTIybG9uZ2l0dWRlJTIyJTNBLTAuMTczOTE0OCU3RA%3D%3D&q=Dutch&sc=HOME_FEED_ITEM
142,Sustainable packaging,https://www.ubereats.com/gb/search?kn=SustainablePackaging&pl=JTdCJTIyYWRkcmVzcyUyMiUzQSUyMlNvdXRoJTIwS2Vuc2luZ3RvbiUyMFVuZGVyZ3JvdW5kJTIwTWV0cm8lMjBTdGF0aW9uJTIyJTJDJTIycmVmZXJlbmNlJTIyJTNBJTIyNDJjZDhjOWUtODZiYy01YmU4LTZlMGEtMjU2YTEyZjFmMzFmJTIyJTJDJTIycmVmZXJlbmNlVHlwZSUyMiUzQSUyMnViZXJfcGxhY2VzJTIyJTJDJTIybGF0aXR1ZGUlMjIlM0E1MS40OTQwODgyJTJDJTIybG9uZ2l0dWRlJTIyJTNBLTAuMTczOTE0OCU3RA%3D%3D&q=Sustainable%20packaging&sc=HOME_FEED_ITEM
143,Southern Thai,https://www.ubereats.com/gb/search?kn=SouthernThai&pl=JTdCJTIyYWRkcmVzcyUyMiUzQSUyMlNvdXRoJTIwS2Vuc2luZ3RvbiUyMFVuZGVyZ3JvdW5kJTIwTWV0cm8lMjBTdGF0aW9uJTIyJTJDJTIycmVmZXJlbmNlJTIyJTNBJTIyNDJjZDhjOWUtODZiYy01YmU4LTZlMGEtMjU2YTEyZjFmMzFmJTIyJTJDJTIycmVmZXJlbmNlVHlwZSUyMiUzQSUyMnViZXJfcGxhY2VzJTIyJTJDJTIybGF0aXR1ZGUlMjIlM0E1MS40OTQwODgyJTJDJTIybG9uZ2l0dWRlJTIyJTNBLTAuMTczOTE0OCU3RA%3D%3D&q=Southern%20Thai&sc=HOME_FEED_ITEM
144,Ice cream   frozen yogurt,https://www.ubereats.com/gb/search?kn=IceCreamAndFrozenYogurt&pl=JTdCJTIyYWRkcmVzcyUyMiUzQSUyMlNvdXRoJTIwS2Vuc2luZ3RvbiUyMFVuZGVyZ3JvdW5kJTIwTWV0cm8lMjBTdGF0aW9uJTIyJTJDJTIycmVmZXJlbmNlJTIyJTNBJTIyNDJjZDhjOWUtODZiYy01YmU4LTZlMGEtMjU2YTEyZjFmMzFmJTIyJTJDJTIycmVmZXJlbmNlVHlwZSUyMiUzQSUyMnViZXJfcGxhY2VzJTIyJTJDJTIybGF0aXR1ZGUlMjIlM0E1MS40OTQwODgyJTJDJTIybG9uZ2l0dWRlJTIyJTNBLTAuMTczOTE0OCU3RA%3D%3D&q=Ice%20cream%20%26%20frozen%20yogurt&sc=HOME_FEED_ITEM
145,Japanese skewer food,https://www.ubereats.com/gb/search?kn=Kushimono&pl=JTdCJTIyYWRkcmVzcyUyMiUzQSUyMlNvdXRoJTIwS2Vuc2luZ3RvbiUyMFVuZGVyZ3JvdW5kJTIwTWV0cm8lMjBTdGF0aW9uJTIyJTJDJTIycmVmZXJlbmNlJTIyJTNBJTIyNDJjZDhjOWUtODZiYy01YmU4LTZlMGEtMjU2YTEyZjFmMzFmJTIyJTJDJTIycmVmZXJlbmNlVHlwZSUyMiUzQSUyMnViZXJfcGxhY2VzJTIyJTJDJTIybGF0aXR1ZGUlMjIlM0E1MS40OTQwODgyJTJDJTIybG9uZ2l0dWRlJTIyJTNBLTAuMTczOTE0OCU3RA%3D%3D&q=Japanese%20skewer%20food&sc=HOME_FEED_ITEM
146,Exclusive to Uber Eats,https://www.ubereats.com/gb/search?kn=ExclusivetoEats&pl=JTdCJTIyYWRkcmVzcyUyMiUzQSUyMlNvdXRoJTIwS2Vuc2luZ3RvbiUyMFVuZGVyZ3JvdW5kJTIwTWV0cm8lMjBTdGF0aW9uJTIyJTJDJTIycmVmZXJlbmNlJTIyJTNBJTIyNDJjZDhjOWUtODZiYy01YmU4LTZlMGEtMjU2YTEyZjFmMzFmJTIyJTJDJTIycmVmZXJlbmNlVHlwZSUyMiUzQSUyMnViZXJfcGxhY2VzJTIyJTJDJTIybGF0aXR1ZGUlMjIlM0E1MS40OTQwODgyJTJDJTIybG9uZ2l0dWRlJTIyJTNBLTAuMTczOTE0OCU3RA%3D%3D&q=Exclusive%20to%20Uber%20Eats&sc=HOME_FEED_ITEM
147,Australian,https://www.ubereats.com/gb/search?kn=Australian&pl=JTdCJTIyYWRkcmVzcyUyMiUzQSUyMlNvdXRoJTIwS2Vuc2luZ3RvbiUyMFVuZGVyZ3JvdW5kJTIwTWV0cm8lMjBTdGF0aW9uJTIyJTJDJTIycmVmZXJlbmNlJTIyJTNBJTIyNDJjZDhjOWUtODZiYy01YmU4LTZlMGEtMjU2YTEyZjFmMzFmJTIyJTJDJTIycmVmZXJlbmNlVHlwZSUyMiUzQSUyMnViZXJfcGxhY2VzJTIyJTJDJTIybGF0aXR1ZGUlMjIlM0E1MS40OTQwODgyJTJDJTIybG9uZ2l0dWRlJTIyJTNBLTAuMTczOTE0OCU3RA%3D%3D&q=Australian&sc=HOME_FEED_ITEM
148,Yakitori,https://www.ubereats.com/gb/search?kn=Yakitori&pl=JTdCJTIyYWRkcmVzcyUyMiUzQSUyMlNvdXRoJTIwS2Vuc2luZ3RvbiUyMFVuZGVyZ3JvdW5kJTIwTWV0cm8lMjBTdGF0aW9uJTIyJTJDJTIycmVmZXJlbmNlJTIyJTNBJTIyNDJjZDhjOWUtODZiYy01YmU4LTZlMGEtMjU2YTEyZjFmMzFmJTIyJTJDJTIycmVmZXJlbmNlVHlwZSUyMiUzQSUyMnViZXJfcGxhY2VzJTIyJTJDJTIybGF0aXR1ZGUlMjIlM0E1MS40OTQwODgyJTJDJTIybG9uZ2l0dWRlJTIyJTNBLTAuMTczOTE0OCU3RA%3D%3D&q=Yakitori&sc=HOME_FEED_ITEM
149,Latin fusion,https://www.ubereats.com/gb/search?kn=LatinFusion&pl=JTdCJTIyYWRkcmVzcyUyMiUzQSUyMlNvdXRoJTIwS2Vuc2luZ3RvbiUyMFVuZGVyZ3JvdW5kJTIwTWV0cm8lMjBTdGF0aW9uJTIyJTJDJTIycmVmZXJlbmNlJTIyJTNBJTIyNDJjZDhjOWUtODZiYy01YmU4LTZlMGEtMjU2YTEyZjFmMzFmJTIyJTJDJTIycmVmZXJlbmNlVHlwZSUyMiUzQSUyMnViZXJfcGxhY2VzJTIyJTJDJTIybGF0aXR1ZGUlMjIlM0E1MS40OTQwODgyJTJDJTIybG9uZ2l0dWRlJTIyJTNBLTAuMTczOTE0OCU3RA%3D%3D&q=Latin%20fusion&sc=HOME_FEED_ITEM
150,Northeastern Thai,https://www.ubereats.com/gb/search?kn=NortheasternThai&pl=JTdCJTIyYWRkcmVzcyUyMiUzQSUyMlNvdXRoJTIwS2Vuc2luZ3RvbiUyMFVuZGVyZ3JvdW5kJTIwTWV0cm8lMjBTdGF0aW9uJTIyJTJDJTIycmVmZXJlbmNlJTIyJTNBJTIyNDJjZDhjOWUtODZiYy01YmU4LTZlMGEtMjU2YTEyZjFmMzFmJTIyJTJDJTIycmVmZXJlbmNlVHlwZSUyMiUzQSUyMnViZXJfcGxhY2VzJTIyJTJDJTIybGF0aXR1ZGUlMjIlM0E1MS40OTQwODgyJTJDJTIybG9uZ2l0dWRlJTIyJTNBLTAuMTczOTE0OCU3RA%3D%3D&q=Northeastern%20Thai&sc=HOME_FEED_ITEM
151,Gluten-free friendly,https://www.ubereats.com/gb/search?kn=GlutenFreeFriendly&pl=JTdCJTIyYWRkcmVzcyUyMiUzQSUyMlNvdXRoJTIwS2Vuc2luZ3RvbiUyMFVuZGVyZ3JvdW5kJTIwTWV0cm8lMjBTdGF0aW9uJTIyJTJDJTIycmVmZXJlbmNlJTIyJTNBJTIyNDJjZDhjOWUtODZiYy01YmU4LTZlMGEtMjU2YTEyZjFmMzFmJTIyJTJDJTIycmVmZXJlbmNlVHlwZSUyMiUzQSUyMnViZXJfcGxhY2VzJTIyJTJDJTIybGF0aXR1ZGUlMjIlM0E1MS40OTQwODgyJTJDJTIybG9uZ2l0dWRlJTIyJTNBLTAuMTczOTE0OCU3RA%3D%3D&q=Gluten-free%20friendly&sc=HOME_FEED_ITEM
152,Belgian,https://www.ubereats.com/gb/search?kn=Belgian&pl=JTdCJTIyYWRkcmVzcyUyMiUzQSUyMlNvdXRoJTIwS2Vuc2luZ3RvbiUyMFVuZGVyZ3JvdW5kJTIwTWV0cm8lMjBTdGF0aW9uJTIyJTJDJTIycmVmZXJlbmNlJTIyJTNBJTIyNDJjZDhjOWUtODZiYy01YmU4LTZlMGEtMjU2YTEyZjFmMzFmJTIyJTJDJTIycmVmZXJlbmNlVHlwZSUyMiUzQSUyMnViZXJfcGxhY2VzJTIyJTJDJTIybGF0aXR1ZGUlMjIlM0E1MS40OTQwODgyJTJDJTIybG9uZ2l0dWRlJTIyJTNBLTAuMTczOTE0OCU3RA%3D%3D&q=Belgian&sc=HOME_FEED_ITEM
153,Kid friendly,https://www.ubereats.com/gb/search?kn=KidsFriendly&pl=JTdCJTIyYWRkcmVzcyUyMiUzQSUyMlNvdXRoJTIwS2Vuc2luZ3RvbiUyMFVuZGVyZ3JvdW5kJTIwTWV0cm8lMjBTdGF0aW9uJTIyJTJDJTIycmVmZXJlbmNlJTIyJTNBJTIyNDJjZDhjOWUtODZiYy01YmU4LTZlMGEtMjU2YTEyZjFmMzFmJTIyJTJDJTIycmVmZXJlbmNlVHlwZSUyMiUzQSUyMnViZXJfcGxhY2VzJTIyJTJDJTIybGF0aXR1ZGUlMjIlM0E1MS40OTQwODgyJTJDJTIybG9uZ2l0dWRlJTIyJTNBLTAuMTczOTE0OCU3RA%3D%3D&q=Kid%20friendly&sc=HOME_FEED_ITEM
